FileName,Title,Author,License,Comments,URL
0001.jpg,Rainy Regent Street,Steven Shingler,https://creativecommons.org/licenses/by-nc-nd/2.0/,No Changes,https://www.flickr.com/photos/sshingler/615776280/in/photolist-Wq1Qq-cKQNpC-7jXHCZ-7d1LVa-bQBba-8P6CHs-SB1rGo-UQUpCi-UQUq4P-eGF5bc-4vqkN9-qufXcS-6xAF2V-7wLXrx-dvEm7j-7Xb6zo-fxcqP2-4HZdKS-QWh6Qb-TpHa2m-b2ni3B-i7D43G-6GfahM-3U4Jk-kaSxCs-aQWqRe-cgfhVo-btKqgd-dMq58D-k1Vijr-dw8zeu-peRGSn-cKfyHb-h6SfGS-TrjvHt-nBESeu-S31itj-7wv4bL-7yiVf5-ryXLhW-rz1MaF-7yHFLv-dWb9np-coy9YA-dswRrW-nYUe4A-dUgUNP-nYUecb-8Ng3s4-oia4bB
0002.jpg,Rainy Day,Topu Saha,https://creativecommons.org/licenses/by-sa/2.0/,No Changes,https://www.flickr.com/photos/topusaha/32119357054/in/photolist-QWh6Qb-TpHa2m-b2ni3B-i7D43G-6GfahM-3U4Jk-kaSxCs-aQWqRe-cgfhVo-btKqgd-dMq58D-k1Vijr-dw8zeu-peRGSn-cKfyHb-h6SfGS-TrjvHt-nBESeu-S31itj-7wv4bL-7yiVf5-ryXLhW-rz1MaF-7yHFLv-dWb9np-coy9YA-dswRrW-nYUe4A-dUgUNP-nYUecb-8Ng3s4-oia4bB-dmYx2W-6o4tm4-ogd2b1-5qB8N3-2yXpd6-ogoD3n-bpxbCG-nYUeoo-5gSozt-qDFy5a-nYUm7V-oi9ZVD-nYU51h-yjq1v-nYVndZ-dQVUg8-8Ng21K-nYU59y
0003.jpg,Lluvia por doquier,Juan Jiménez Martínez,https://creativecommons.org/licenses/by/2.0/,No Changes,https://www.flickr.com/photos/comcinco/3100051319/in/photolist-5HWzfF-4wPq2h-4L267w-nLNdpR-62D2fA-38gzBE-nJKHq5-nuiqyt-aVUf36-anWXVT-aUD9ap-5HZSTc-4TyfS5-bexDxT-9R6JZB-dfZxfe-bKZrFk-4JmFNH-bTDUVn-nPxK6d-45ZRY8-56tkTZ-dvcF7k-V59U4-dSsSLn-3ejUoz-djS6qD-8nHqjv-nLS5Nu-9myvUK-aRz9gv-nJKHuJ-5vHCLo-nM5Ny8-oZG7Xy-3aaXtw-eg6APe-aHJq7t-rh3A1R-8gSmax-bGEZze-fVDyg4-8tSi5N-55tGqP-a6YESS-nVps5X-9mBwiY-7t9fM9-9mBxDG-5r6FS2
0004.jpg,Agua de lluvia (2),Eduardo Robles Pacheco,https://creativecommons.org/licenses/by/2.0/,No Changes,https://www.flickr.com/photos/eduardorobles/4007269576/in/photolist-777iCL-ekp2am-di1NzE-bx5GSs-6SEbP7-6DSase-e7v9xk-mLv296-3Ka9KA-9BnRbi-8DQfBn-6oPTRx-4FqN59-ahjcHY-7Bkgwg-6zGpEJ-5y91qy-8F395b-ds23Ay-nupWNK-nuiqsX-773iLV-nJSfrm-7oWG4N-8yMNWk-4VJY3p-k6ZZy4-mRctTz-7CLuDi-dA6bnu-9Di7K9-a5iYmZ-9cSs9L-bJP3oP-6wL1Ea-zTjZ9-617Dwg-7CLygn-4Ypy2B-7vYapn-8xX6q3-vKrod-qVnQkg-5gFout-dcmXkC-9RNp5B-CZkFPg-c2mfWh-yxyk2-2VeYh4
0005.jpg,Lluvia,Only Charlie,https://creativecommons.org/licenses/by-nc-nd/2.0/,No Changes,https://www.flickr.com/photos/charlieandsnoopy/664962565/in/photolist-21L7cP-ARbom-4KvveG-6H9Cno-6xEQkJ-5gKhR3-6xEUvQ-4kSpf-4NpGyy-5gFekk-5yMuq1-5gKhR7-4TM1GU-DiiRLL-3rxhvA-nLC4Wf-eaiv2c-4JqUeq-5DAUni-k7FfX2-2UomSu-9CD8AY-3nBazq-GnDs6k-4TUxE3-8npX1H-9qWoTp-Tv7Pn-NgdJQ-kpTo52-4Gsfjk-6n62AE-nuqECV-714dgM-m2pwzv-rUFCz1-DWjVCk-a4HaWP-9qihwa-UQNSbk-5V9Da-bXhC5V-5dRGEs-stqRp-BNLaP7-6xAFuP-AxBzG-a2pCQu-7EvBSM-6xEPyw
0006.jpg,Rainstorm,Jakub Hlavaty,https://creativecommons.org/licenses/by-sa/2.0/,No Changes,https://www.flickr.com/photos/jakub_hlavaty/2461914065/in/photolist-4KxXhe-9YJrbd-aeTEU-nHy5xK-6HB36R-dyMkc-nKHAJt-7AWRo-7AWLp-4Wv5wo-mRLc56-5ttRTV-nr4tcu-6xG2cP-6tQ4zP-7AXzV-7QrANX-ruMqU-4ZFsT4-aJAph-3p9Hv-f7UqZ5-7AXRB-6xLaK7-U6Y6i-7AXsj-4qWLxe-7AXw9-F1y96A-6ZaF5X-8reZuY-4KCeAh-6WspxY-nr4rYP-5UqJhm-SGWZ6W-7AXo1-qehgdw-4Hci73-2jUfs-8JCVr7-f7FQgp-6Wssto-59GUH7-7AXDm-4AwDk-25G1mj-2Gukdq-6S2Mv2-gSwBX
0007.jpg,Rainstorm,l a b e t e,https://creativecommons.org/licenses/by-nc-nd/2.0/,No Changes,https://www.flickr.com/photos/labete/8722052870/in/photolist-ehJNrU-6BbHpA-eisfX1-5275tX-25FLL5-4Cs44R-cC1Uds-JwQNk-4WqNGZ-msVqj-qsKuPR-aDnYh2-9YJsxY-a7qhae-amRmjX-nT1Nes-55YyY5-SvsRx-xAzb3-5aAFre-6E9Hu-rSS2zv-6kfWmh-9LUPvZ-4Pes6E-dvkY2G-3tJi3-2p9ZP-c2bUJb-77E4f8-84YVRU-cEhAvb-bCkLaC-25Brpg-dvfoce-5scdoL-dnh5k-xAytN-bBpShF-e5q4x-kB9iYw-6xBDAv-25FXKf-4VtFmJ-axqM1C-st5mJs-bCkLQd-9mZKCc-5bdHkg-bRftTn
0008.jpg,dart for the car,Susan Smith,https://creativecommons.org/licenses/by-nc-nd/2.0/,No Changes,https://www.flickr.com/photos/cellphonesusie/2639274119/in/photolist-52dYfc-5jDyL-C5Fw4-4Hciaf-8P638i-qYLXP6-dvfo6p-4WfY6U-dp3Lb5-bCkLFL-5URf3J-6xFzPW-a3KAYo-dvkY7q-xAyj2-8GVUPh-xAyoi-TC6kKH-6qdTrd-8KwsaM-dvfoiF-6qdTnL-5iNv3H-jbC1q-fnt88o-25BnZX-eXELFk-fyK5s3-6o9cw6-MFc12-5f7YYt-oyN1uc-xAyLw-8pzThQ-xAy8v-5Ndbd5-xAzA1-7HKnKt-BzBDpR-7oHahc-5KxHxC-bRfutv-4JCBpq-7yMjFw-5iSNnN-iPtx3y-qacn9U-nKDCsc-6yWjeZ-aC18yD
0009.jpg,tormenta,@pfsuarez,https://creativecommons.org/licenses/by-nc-nd/2.0/,No Changes,https://www.flickr.com/photos/clonazpm/6791712245/in/photolist-bmaiqZ-ad6TcS-ad6JHb-8d4utk-bML5JK-8d4v3R-8d4vMB-o7xvJu-8d4vXp-8d4v7R-bmaaFt-bmag4D-arv3E5-8d7M9w-8d4vre-4DYKSR-8d4wcg-eSiG7H-8d7P6Q-8d7MSo-dMB146-8d4wgv-atgXCY-svhby6-bma7Uk-4VFdgj-c4JmuQ-8d7PM3-8d4tZ6-7Ydb7G-75Dpdi-8d7NVf-dPLtnp-8d4wm6-5Fkiz8-acY8Nz-4vLgcr-4vLgzD-cVAsMy-T7ELjS-mV1Km-bmaCzZ-9DYEuj-7Yd3Au-bx5NTC-8d4vH6-bYng7j-8d7PbJ-nHhsk2-aKcXSM
0010.jpg,Toussaint dans le jardin du Luxembourg,Bernard Laguerre,https://creativecommons.org/licenses/by-nc-nd/2.0/,No Changes,https://www.flickr.com/photos/aldor/3224259603/in/photolist-5UVb3P-4AUVnP-qFwhCH-6o5uQh-4v2XTe-8VgRGt-4v6U3N-6BCCbj-9nqVv6-9kthcD-2RrfSH-aBkk7m-aWd79k-qZaVC1-7S96Rg-o1Uigi-iDzPiN-Cwo2Fj-jHDFdQ-7SsX5u-TADVJu-aBe6Xz-qLd97Q-fPurC6-4z5bwF-dDgZ8w-a5fsLg-6T7WF5-CERHh-9HogMZ-6omXt2-pdxYjA-qHkSKQ-h7bRiR-iNUDTe-dNvnLD-o4VuJ9-7aEr6U-9G2LGp-afdyfY-dzXCU4-jxjasq-7JzGoY-nhED87-dkgC23-6x24Eb-9xB3bM-daWw7G-e96Av6-ArJMse
0011.jpg,rain,DeMaGius,https://creativecommons.org/licenses/by/2.0/,No Changes,https://www.flickr.com/photos/pinodema/33733633514/in/photolist-ToVFYW-9zDijK-ebsxQo-asjh12-DtfuXL-SUcNiP-bpbsXx-n819Mn-895hjj-c5QPd3-Rb2SY3-oQKnsW-eobt6R-fowdTG-s8g9iA-qBHjCj-ojWx1G-f2BLW1-r9Mswt-nD9QHk-UcYKTP-7w8sMF-dNRYzY-j4XSbq-cBZmHm-TyBGtA-b6FUtB-bohvSf-9fHLzs-8Psy4z-e4QAxj-RbW94u-8YCvoh-mLNs7Y-RTb5AZ-qqM3JY-ehGdbC-owy8hp-nBR7hL-fdhcEW-fm18ix-9L3Zhf-PfqbvM-7URWgw-9WNPwp-nJGhgi-RUtiGL-rNb9mV-bWEk1C-8XFEjk
0012.jpg,Rainy Day in Salem,massmatt,https://creativecommons.org/licenses/by/2.0/,No Changes,https://www.flickr.com/photos/momentsnotice/34032084074/in/photolist-TRijWf-cLcbsW-DZgdq4-RDHTbA-RVQDp8-Gh28T-28nMmF-UUvBAt-dFyKAE-3nK5aG-ora6ms-cgfhVo-99t8KB-k1Vijr-V2Ua5p-pP5rba-7amNyq-hWyz4V-S31itj-UE6rqf-6jECWt-qo6dXh-oQw6wJ-TdGXZD-aecKfT-oLmeVr-TrjvHt-9PChxA-AekEie-pzB5Z4-nLGB6s-i7D43G-ryXLhW-rz1MaF-bHdXUk-QWh6Qb-7rjssn-87d7yF-53ziqf-nGPBnB-S9vR49-qvF5Qz-pR3u8j-TLNa9j-ssnyCG-s8HKch-Uk1Cbj-4d6gPF-7wv4bL-aFTSYe
0013.jpg,Rainy Day #VII,Alexander Rentsch,https://creativecommons.org/licenses/by-nc-nd/2.0/,No Changes,https://www.flickr.com/photos/captain_die/7202147646/in/photolist-bYqTzq-fn7K8w-adfbpV-QVW9VP-7V8xbi-4xC2pP-cKQNpC-rQ5sJ7-TezytN-TX9Tvm-fNiALE-gxLvFz-c146F1-aFTSHt-kuXPS6-4RJBZj-9sbaHk-nirrq-y5d9f-o7XpZN-aW8b82-qFnes4-qHXGkW-oqUs3L-6KFWHo-bM9BDB-bpLHMt-ePjJVz-yCr2e5-A7K4gF-8quiP2-bvpsfC-aKj4pi-jaHCWZ-8Ebur3-d2tb5u-4Gmm2y-mxzMGc-cRRxoE-9r32Hs-9eSmeC-Ty9K1Z-4Vnh3Q-69qEtk-hYMJ7K-qkMZto-HygJvx-mxYDks-6NNv87-pwbvaG
0014.jpg,deluge,Mike McCune,https://creativecommons.org/licenses/by/2.0/,No Changes,https://www.flickr.com/photos/mccun934/7167533045/in/photolist-bVntRX-5LSim-6LaRbR-cQ8VFJ-3KWPFK-hB6F7-5JS2w3-6LaRLP-fU977p-5EZuS6-qZS1C-diCejG-TaBzgH-srsdP-5Db2rz-aquSTC-k2gkeM-TCcdno-AfL2aX-6Qx3hn-7ush8E-abHK2o-53uS4q-9D5zGU-93TC5r-4s9NFP-7va7bC-8hY9Nn-EHomKo-iuLeHo-a72BkR-drqsAV-nKujHN-6W6a1T-8zskWZ-5EZuUZ-fgiwG6-fgivbK-5EZuYk-kN5x2P-9QXQgt-8eXseT-6kCNH5-5F4NqJ-7Ff2U6-RKENKF-GZzeCh-iS31Z1-7Hejq8-DRD55
0015.jpg,Deluge: tropical rainstorm in central London,Ged Carroll,https://creativecommons.org/licenses/by/2.0/,No Changes,https://www.flickr.com/photos/renaissancechambara/4889482972/in/photolist-6c8jSE-oNZxs-8js1h9-4X7YDi-pKBnpb-fgiuXt-f6hn5-MuC2Z-8s4SWy-ad8CbW-5bS6PN-eW8M2M-B5MhDM-dcrLiP-AFSPSv-4p6Szg-f7TzdA-acbtH3-8EzKwB-9EJ2PZ-8FB1cN-6xjdQT-9xREzx-ngznTv-g8uv1-8s1Phc-oNP2h-3m47wf-3cAgbi-jdvbr1-8dwmLF-qx7fA7-eZf31e-MERcV-5LSi9-D5swkQ-8DNUpr-3EcUGa-5z2KWB-5VT5Yp-o6XSCf-cT6oT3-cB7inf-6FXHNZ-ovmXGE-5EZuSt-8mf689-3cFoUg-99RJcM-6Jjvns
0016.jpg,Tropical rainstorm,David Fisher,https://creativecommons.org/licenses/by-nc-nd/2.0/,No Changes,https://www.flickr.com/photos/dfisher81/4019714751/in/photolist-78d69K-npV16o-9Tz3Qf-dLCdx4-dLCcG6-dLHHMh-dLCaz2-dLCc68-fKWQsi-dZ2C8h-dLCbQR-hpVExy-5qLK8g-8LWBry-a2rY4p-5WWv8X-qhdxEJ-dpunQb-a2uQX3-exD4V5-jGwUsL-dLHJ5d-hN9JD-7rwkau-9qezNh-hVXoB-ak292N-nBEyu6-kfrE8F-dLCcYp-6DiKE6-8djViJ-ThNHLJ-e7fp84-96EtM1-dvaihM-eHFzbe-dLHJzJ-dLCdXp-hc7N3m-fBbZG1-xzAX7u-9qp7o2-qsMAZ5-bPoU1-5aJHg9-GxFVuK-SV4Zqv-bR3iqX-a623HX
0017.jpg,Downpour,NH53,https://creativecommons.org/licenses/by/2.0/,No Changes,https://www.flickr.com/photos/nh53/14811057559/in/photolist-oyNxpn-UarVsU-dC8b1g-dk8MnE-dAnPje-hztAGu-U8hYnq-24czrM-iNtwk-57Y3hQ-63eeB-fNPBdp-og13Rw-oCyJeN-8URBZ-dzn97K-8vzs4u-cR45tC-6UBgL3-6HjGMG-6idL6z-4Q9gin-6iT3Xc-4YPnxt-arFt7z-529h78-4qn2T-F9Mjj-9Lfumo-6HjGxy-6HjGHY-S55DCj-7owuGm-6CipZ5-6HjGpy-9E5jBe-3tKBC-r2uq5y-h2UZmG-a2M4mt-a5LEMC-2DaQxW-35eBER-nYTXxN-DGEjSZ-fedaFE-nE4EtZ-oD8RpU-oVLYwF-7Gvv35
0018.jpg,downpour,imnewtryme,https://creativecommons.org/licenses/by-nc-sa/2.0/,No Changes,https://www.flickr.com/photos/imnewtryme/2298931981/in/photolist-4v9Coi-pFY7z4-PEw8E-cjj7kL-492zma-pQf7KB-dCA2iw-73tR9h-51Nzuk-7YCUxc-6MmEsq-dyoVeg-Ua4fXV-mTGr8c-dadAWm-6NjEwa-6FLiwL-2bUML1-6AnHoE-dLTnCm-cF2JC7-qGG775-cYHy51-p26PGQ-8HzKcG-eMKvnn-7tPnKG-8b33bo-f5bDZr-oBNLjD-uHWfCh-fhEqh5-oC9Pbx-feWfrt-9MjoXQ-akhBFg-7xXMwA-9YLsbp-mCwJWZ-SG3nH1-Gp9dG-4XHX7q-aei55P-qfabok-cHshaG-dGvFwd-bVnDmy-SwzVKy-jHbtxQ-cVzofU
0019.jpg,Downpour,Brendan Dolan-Gavitt,https://creativecommons.org/licenses/by-sa/2.0/,No Changes,https://www.flickr.com/photos/moyix/201448171/in/photolist-orhr8V-96n2Ds-9UYDVz-6idL6z-oyNxpn-iNtwk-63eeB-6UBgL3-6HjGMG-529h78-4qn2T-6HjGxy-6HjGHY-6HjGpy-a2M4mt-5qdbVp-5bzFQS-3WtUP-492zma-akhBFg-Gp9dG-am5Wzp-b37D3z-bXjazU-ekEBGw-eXFTWU-9YWnF4-eY17pe-aj2axK-8k8GJG-abjY7t-26ondd-qcD6ro-hByth7-UopN4V-e9u5Ln-p8dky8-5pkrj5-aZHzNM-4TAi3X-6CqaLe-4RqLJc-9GcE8c-iNts4-2PMiuX-4RqLza-nmgQD7-r2D7su-TEech9-8v959M
0020.jpg,Downpour,versageek,https://creativecommons.org/licenses/by-sa/2.0/,No Changes,https://www.flickr.com/photos/versageek/2745164758/in/photolist-5bzFQS-3WtUP-492zma-akhBFg-Gp9dG-am5Wzp-b37D3z-bXjazU-ekEBGw-eXFTWU-9YWnF4-eY17pe-aj2axK-8k8GJG-abjY7t-26ondd-qcD6ro-hByth7-UopN4V-e9u5Ln-p8dky8-5pkrj5-aZHzNM-4TAi3X-6CqaLe-4RqLJc-9GcE8c-iNts4-2PMiuX-4RqLza-nmgQD7-r2D7su-TEech9-8v959M-CuAC1B-TzvhFe-qMH6Fs-cjytuU-5dFdBy-jvtqh9-f5Gx9u-odGPzP-cLg5BQ-nC8Xj7-odGQDn-51Gnfw-iNtiy-4Rv4Xh-9UA441-6RgW56
0021.jpg,Downpour,Alper Çuğun,https://creativecommons.org/licenses/by/2.0/,No Changes,https://www.flickr.com/photos/alper/717303064/in/photolist-26ondd-qcD6ro-hByth7-UopN4V-e9u5Ln-p8dky8-5pkrj5-aZHzNM-4TAi3X-6CqaLe-4RqLJc-9GcE8c-iNts4-2PMiuX-4RqLza-nmgQD7-r2D7su-TEech9-8v959M-CuAC1B-TzvhFe-qMH6Fs-cjytuU-5dFdBy-jvtqh9-f5Gx9u-odGPzP-cLg5BQ-nC8Xj7-odGQDn-51Gnfw-iNtiy-4Rv4Xh-9UA441-6RgW56-3tG8HQ-aCAHUX-nC8Stq-a5qDSv-8twHay-3tFNgQ-7Qspfx-ouYr5C-5dYdjX-7BAZTs-cowQod-3tG5T7-tvhHM-6sAEaP-5dYjo4
0022.jpg,Downpour,nutmeg66,https://creativecommons.org/licenses/by-nc-nd/2.0/,No Changes,https://www.flickr.com/photos/rachel_s/14583614967/in/photolist-CuAC1B-TzvhFe-qMH6Fs-cjytuU-5dFdBy-jvtqh9-f5Gx9u-odGPzP-cLg5BQ-nC8Xj7-odGQDn-51Gnfw-iNtiy-4Rv4Xh-9UA441-6RgW56-3tG8HQ-aCAHUX-nC8Stq-a5qDSv-8twHay-3tFNgQ-7Qspfx-ouYr5C-5dYdjX-7BAZTs-cowQod-3tG5T7-tvhHM-6sAEaP-5dYjo4-ouUiRe-nk4toL-g8My8Z-ouUjaa-31tJ5i-eQsyzj-nMagsB-49Dg9K-keK3ZA-2XYGSN-ftPfmG-4EEWsJ-51R3xY-5dY8ua-49Dgj2-69Lraf-5bMUv6-habHo-58ktwx
0023.jpg,Downpour,Alper Çuğun,https://creativecommons.org/licenses/by/2.0/,No Changes,https://www.flickr.com/photos/alper/4486483543/in/photolist-7Qspfx-ouYr5C-5dYdjX-7BAZTs-cowQod-3tG5T7-tvhHM-6sAEaP-5dYjo4-ouUiRe-nk4toL-g8My8Z-ouUjaa-31tJ5i-eQsyzj-nMagsB-49Dg9K-keK3ZA-2XYGSN-ftPfmG-4EEWsJ-51R3xY-5dY8ua-49Dgj2-69Lraf-5bMUv6-habHo-58ktwx-a9kRxU-S9L8dC-57APmW-RUnKHB-waArD-agu9kb-76UkRj-zJuWPq-pzNm7N-RYrUoS-6oRX1h-6Hr7ZT-5e3uH7-5e3wsC-ahBfjg-bVHGG-2jMQu4-qpDZ8E-8hMm4V-aaEbYE-dSkMjT-bVN3RV
0024.jpg,Downpour,nutmeg66,https://creativecommons.org/licenses/by-nc-nd/2.0/,No Changes,https://www.flickr.com/photos/rachel_s/14767721424/in/photolist-ouYr5C-5dYdjX-7BAZTs-cowQod-3tG5T7-tvhHM-6sAEaP-5dYjo4-ouUiRe-nk4toL-g8My8Z-ouUjaa-31tJ5i-eQsyzj-nMagsB-49Dg9K-keK3ZA-2XYGSN-ftPfmG-4EEWsJ-51R3xY-5dY8ua-49Dgj2-69Lraf-5bMUv6-habHo-58ktwx-a9kRxU-S9L8dC-57APmW-RUnKHB-waArD-agu9kb-76UkRj-zJuWPq-pzNm7N-RYrUoS-6oRX1h-6Hr7ZT-5e3uH7-5e3wsC-ahBfjg-bVHGG-2jMQu4-qpDZ8E-8hMm4V-aaEbYE-dSkMjT-bVN3RV-9QHMpt
0025.jpg,Downpour,nutmeg66,https://creativecommons.org/licenses/by-nc-nd/2.0/,No Changes,https://www.flickr.com/photos/rachel_s/14766916651/in/photolist-ouUiRe-nk4toL-g8My8Z-ouUjaa-31tJ5i-eQsyzj-nMagsB-49Dg9K-keK3ZA-2XYGSN-ftPfmG-4EEWsJ-51R3xY-5dY8ua-49Dgj2-69Lraf-5bMUv6-habHo-58ktwx-a9kRxU-S9L8dC-57APmW-RUnKHB-waArD-agu9kb-76UkRj-zJuWPq-pzNm7N-RYrUoS-6oRX1h-6Hr7ZT-5e3uH7-5e3wsC-ahBfjg-bVHGG-2jMQu4-qpDZ8E-8hMm4V-aaEbYE-dSkMjT-bVN3RV-9QHMpt-mNQTUx-qrxh5U-oJ7TXD-64hoLX-6mxs3T-6s5JsZ-cbL8G5-ksWekA
0026.jpg,downpour,Stat Girl,https://creativecommons.org/licenses/by-nc/2.0/,No Changes,https://www.flickr.com/photos/deliciouswolf/1289827826/in/photolist-2XYGSN-ftPfmG-4EEWsJ-51R3xY-5dY8ua-49Dgj2-69Lraf-5bMUv6-habHo-58ktwx-a9kRxU-S9L8dC-57APmW-RUnKHB-waArD-agu9kb-76UkRj-zJuWPq-pzNm7N-RYrUoS-6oRX1h-6Hr7ZT-5e3uH7-5e3wsC-ahBfjg-bVHGG-2jMQu4-qpDZ8E-8hMm4V-aaEbYE-dSkMjT-bVN3RV-9QHMpt-mNQTUx-qrxh5U-oJ7TXD-64hoLX-6mxs3T-6s5JsZ-cbL8G5-ksWekA-3tBL44-eBDKM8-nvtgzJ-3tBLiz-bpdPGq-byt1Tf-4VqWkB-5dYJVc-oNo4pC
0027.jpg,Downpour,Chris Harrison,https://creativecommons.org/licenses/by/2.0/,No Changes,https://www.flickr.com/photos/cdharrison/2406694614/in/photolist-4EEWsJ-51R3xY-5dY8ua-49Dgj2-69Lraf-5bMUv6-habHo-58ktwx-a9kRxU-S9L8dC-57APmW-RUnKHB-waArD-agu9kb-76UkRj-zJuWPq-pzNm7N-RYrUoS-6oRX1h-6Hr7ZT-5e3uH7-5e3wsC-ahBfjg-bVHGG-2jMQu4-qpDZ8E-8hMm4V-aaEbYE-dSkMjT-bVN3RV-9QHMpt-mNQTUx-qrxh5U-oJ7TXD-64hoLX-6mxs3T-6s5JsZ-cbL8G5-ksWekA-3tBL44-eBDKM8-nvtgzJ-3tBLiz-bpdPGq-byt1Tf-4VqWkB-5dYJVc-oNo4pC-9WaC7w-3tGm1N
0028.jpg,Downpour,Caribb,https://creativecommons.org/licenses/by-nc-nd/2.0/,No Changes,https://www.flickr.com/photos/caribb/182855984/in/photolist-habHo-58ktwx-a9kRxU-S9L8dC-57APmW-RUnKHB-waArD-agu9kb-76UkRj-zJuWPq-pzNm7N-RYrUoS-6oRX1h-6Hr7ZT-5e3uH7-5e3wsC-ahBfjg-bVHGG-2jMQu4-qpDZ8E-8hMm4V-aaEbYE-dSkMjT-bVN3RV-9QHMpt-mNQTUx-qrxh5U-oJ7TXD-64hoLX-6mxs3T-6s5JsZ-cbL8G5-ksWekA-3tBL44-eBDKM8-nvtgzJ-3tBLiz-bpdPGq-byt1Tf-4VqWkB-5dYJVc-oNo4pC-9WaC7w-3tGm1N-3tGmtE-xx2VZ-6mxtpT-d7Lj3u-8d9F93-9j64NP
0029.jpg,Rain again,KasoKaishyap,https://creativecommons.org/licenses/by-nc/2.0/,No Changes,https://www.flickr.com/photos/kasokaishyap/32800259462/in/photolist-RYrUoS-6oRX1h-6Hr7ZT-5e3uH7-5e3wsC-ahBfjg-bVHGG-2jMQu4-qpDZ8E-8hMm4V-aaEbYE-dSkMjT-bVN3RV-9QHMpt-mNQTUx-qrxh5U-oJ7TXD-64hoLX-6mxs3T-6s5JsZ-cbL8G5-ksWekA-3tBL44-eBDKM8-nvtgzJ-3tBLiz-bpdPGq-byt1Tf-4VqWkB-5dYJVc-oNo4pC-9WaC7w-3tGm1N-3tGmtE-xx2VZ-6mxtpT-d7Lj3u-8d9F93-9j64NP-4Db5rY-8zhdx4-4GdavF-5dYLzv-eaRFVA-5e3B8Y-4DPJcj-8MEszk-9WYS8R-5i97zd-5xoMBW
0030.jpg,Downpour.,Edmund White,https://creativecommons.org/licenses/by-nc/2.0/,No Changes,https://www.flickr.com/photos/ewwhite/8936081757/in/photolist-eBDKM8-nvtgzJ-3tBLiz-bpdPGq-byt1Tf-4VqWkB-5dYJVc-oNo4pC-9WaC7w-3tGm1N-3tGmtE-xx2VZ-6mxtpT-d7Lj3u-8d9F93-9j64NP-4Db5rY-8zhdx4-4GdavF-5dYLzv-eaRFVA-5e3B8Y-4DPJcj-8MEszk-9WYS8R-5i97zd-5xoMBW-3aGKZf-9pHgUC-4kdyoU-6cfYhH-ajYXiS-4FhK9n-9cQsK9-a1bP6C-5e3qss-9cQsWm-S2YzJF-abEMAz-snLiWQ-5e3rNo-6HYZSf-2G5aKy-eqajX5-mCsAr2-6HqGB4-8PuSvg-afdYNa-afdYZa-4Ghovq
0031.jpg,Downpour,Rudy Salakory,https://creativecommons.org/licenses/by-nc-nd/2.0/,No Changes,https://www.flickr.com/photos/rudimentary/5132005721/in/photolist-8PuSvg-afdYNa-afdYZa-4Ghovq-i4i1Q-6ehxsw-8KJmK-e8Y3BF-7FWPJ4-bC5byN-4WCUo6-73JRZ3-2apce9-54PbNn-2jXHRL-bQoHW8-jz6r5-H3B4h3-cvHR4C-2kcz9W-5qhzP1-nefNc5-poLKKh-nbbDq6-ReZkBm-RRHZBY-fa5to-61c2Hf-anTn8R-8Y2WJd-2k86bv-52gapC-adGXgU-FE7qx-wg1mc-kwwo6-97UrA2-FJNA-6cy4bk-a6gbVi-4VXPPa-9cQsR3-3kB2R-nd4qKC-cPd5yQ-coL23E-ehZULB-59Zqzu-4JbhC-bqfQBZ
0032.jpg,heavy rain today, a river down the gutter, my barrels overflowing!,naturalflow,https://creativecommons.org/licenses/by-sa/2.0/,No Changes,https://www.flickr.com/photos/vizpix/6971777526/in/photolist-bC5byN-4WCUo6-73JRZ3-2apce9-54PbNn-2jXHRL-bQoHW8-jz6r5-H3B4h3-cvHR4C-2kcz9W-5qhzP1-nefNc5-poLKKh-nbbDq6-ReZkBm-RRHZBY-fa5to-61c2Hf-anTn8R-8Y2WJd-2k86bv-52gapC-adGXgU-FE7qx-wg1mc-kwwo6-97UrA2-FJNA-6cy4bk-a6gbVi-4VXPPa-9cQsR3-3kB2R-nd4qKC-cPd5yQ-coL23E-ehZULB-59Zqzu-4JbhC-bqfQBZ-fgPN8-ecc1Aq-7a3d2B-aDb1nK-5e44gJ-9cMncX-ntGtsS-ngqTaq-4J9DkP
0033.jpg,Downpour,Nico Hogg,https://creativecommons.org/licenses/by-nc/2.0/,No Changes,https://www.flickr.com/photos/nicohogg/762730574/in/photolist-2apce9-54PbNn-2jXHRL-bQoHW8-jz6r5-H3B4h3-cvHR4C-2kcz9W-5qhzP1-nefNc5-poLKKh-nbbDq6-ReZkBm-RRHZBY-fa5to-61c2Hf-anTn8R-8Y2WJd-2k86bv-52gapC-adGXgU-FE7qx-wg1mc-kwwo6-97UrA2-FJNA-6cy4bk-a6gbVi-4VXPPa-9cQsR3-3kB2R-nd4qKC-cPd5yQ-coL23E-ehZULB-59Zqzu-4JbhC-bqfQBZ-fgPN8-ecc1Aq-7a3d2B-aDb1nK-5e44gJ-9cMncX-ntGtsS-ngqTaq-4J9DkP-7nFz54-TKAzBj-rjfpjZ
0034.jpg,Sotto l'acquazzone,Antonio Martinetti,https://creativecommons.org/licenses/by-nc-nd/2.0/,No Changes,https://www.flickr.com/photos/tugnaz/13898734073/in/photolist-poLKKh-nbbDq6-ReZkBm-RRHZBY-fa5to-61c2Hf-anTn8R-8Y2WJd-2k86bv-52gapC-adGXgU-FE7qx-wg1mc-kwwo6-97UrA2-FJNA-6cy4bk-a6gbVi-4VXPPa-9cQsR3-3kB2R-nd4qKC-cPd5yQ-coL23E-ehZULB-59Zqzu-4JbhC-bqfQBZ-fgPN8-ecc1Aq-7a3d2B-aDb1nK-5e44gJ-9cMncX-ntGtsS-ngqTaq-4J9DkP-7nFz54-TKAzBj-rjfpjZ-3jHES-co6q1u-67eFj-5dYnB2-5fjfeD-nNRwPb-oNkQJB-eusHZ-2kcibJ-bUcfxT
0035.jpg,Downpour,Danny Molyneux,https://creativecommons.org/licenses/by/2.0/,No Changes,https://www.flickr.com/photos/dannymol/7477475806/in/photolist-poLKKh-nbbDq6-ReZkBm-RRHZBY-fa5to-61c2Hf-anTn8R-8Y2WJd-2k86bv-52gapC-adGXgU-FE7qx-wg1mc-kwwo6-97UrA2-FJNA-6cy4bk-a6gbVi-4VXPPa-9cQsR3-3kB2R-nd4qKC-cPd5yQ-coL23E-ehZULB-59Zqzu-4JbhC-bqfQBZ-fgPN8-ecc1Aq-7a3d2B-aDb1nK-5e44gJ-9cMncX-ntGtsS-ngqTaq-4J9DkP-7nFz54-TKAzBj-rjfpjZ-3jHES-co6q1u-67eFj-5dYnB2-5fjfeD-nNRwPb-oNkQJB-eusHZ-2kcibJ-bUcfxT
0036.jpg,IMGP0024,sturmerb,https://creativecommons.org/licenses/by-nc-nd/2.0/,No Changes,https://www.flickr.com/photos/sturmer_bill/2773137860/in/photolist-poLKKh-nbbDq6-ReZkBm-RRHZBY-fa5to-61c2Hf-anTn8R-8Y2WJd-2k86bv-52gapC-adGXgU-FE7qx-wg1mc-kwwo6-97UrA2-FJNA-6cy4bk-a6gbVi-4VXPPa-9cQsR3-3kB2R-nd4qKC-cPd5yQ-coL23E-ehZULB-59Zqzu-4JbhC-bqfQBZ-fgPN8-ecc1Aq-7a3d2B-aDb1nK-5e44gJ-9cMncX-ntGtsS-ngqTaq-4J9DkP-7nFz54-TKAzBj-rjfpjZ-3jHES-co6q1u-67eFj-5dYnB2-5fjfeD-nNRwPb-oNkQJB-eusHZ-2kcibJ-bUcfxT
0037.jpg,IMGP0012,sturmerb,https://creativecommons.org/licenses/by-nc-nd/2.0/,No Changes,https://www.flickr.com/photos/sturmer_bill/2772223971/in/photolist-poLKKh-nbbDq6-ReZkBm-RRHZBY-fa5to-61c2Hf-anTn8R-8Y2WJd-2k86bv-52gapC-adGXgU-FE7qx-wg1mc-kwwo6-97UrA2-FJNA-6cy4bk-a6gbVi-4VXPPa-9cQsR3-3kB2R-nd4qKC-cPd5yQ-coL23E-ehZULB-59Zqzu-4JbhC-bqfQBZ-fgPN8-ecc1Aq-7a3d2B-aDb1nK-5e44gJ-9cMncX-ntGtsS-ngqTaq-4J9DkP-7nFz54-TKAzBj-rjfpjZ-3jHES-co6q1u-67eFj-5dYnB2-5fjfeD-nNRwPb-oNkQJB-eusHZ-2kcibJ-bUcfxT
0038.jpg,Just another rainy day.,KasoKaishyap,https://creativecommons.org/licenses/by-nc/2.0/,No Changes,https://www.flickr.com/photos/kasokaishyap/32115465233/in/photolist-QVW9VP-6kTH3t-nWZxNH-RqnTCw-QLNp6d-rAWqkr-jwN2Sq-56rnVj-bPUrNR-QATNvE-bupakp-cyxttC-5mxxnF-9cMmVc-374FLf-cj88i-2M5hn-8hEakU-StoyiG-S4icie-2ox3gB-2siu1K-fjcLgX-a5diqn-5oPB9P-z9Np1-ePbdDp-5dYm3M-9cQsDh-pxBSY9-c9wy2Q-6v6dZd-cPnkNs-rcPed-2k7YPK-9cQsGS-fa4fvr-56rnRd-NWmQe-9cMmMH-4qn2U-XFS1-jgDVPj-35m1Eq-auNe2i-4EDm4q-5qiXRh-4k9hUV-9cQsuu-mCv4k
0039.jpg,Downpour,tzejen,https://creativecommons.org/licenses/by-nc-nd/2.0/,No Changes,https://www.flickr.com/photos/tzejen/9291477355/in/photolist-fa4fvr-56rnRd-NWmQe-9cMmMH-4qn2U-XFS1-jgDVPj-35m1Eq-auNe2i-4EDm4q-5qiXRh-4k9hUV-9cQsuu-mCv4k-5e3CJ7-hLVwBY-aJfa3-4qn2V-9UAmr4-hpz1G-czXQ6o-ceaBCS-RzpsjE-7Ysiqq-rr2To-t9vVj-5dYANt-5ejhAh-5XWJse-55KYFP-6Aa2BX-jRwutZ-6JYMVz-odZyT-VZtF2-fkPEfQ-a43UbR-5e3Yv7-pPAKNN-6HQpkN-2siwmH-bup9Sg-AfhJas-a4EmvN-2mGaX-6Lb6Gi-9cMmS4-5Fm4vB-GHHgVH-HabG
0040.jpg,Downpour,Micah Sittig,https://creativecommons.org/licenses/by/2.0/,No Changes,https://www.flickr.com/photos/msittig/7604261760/in/photolist-czXQ6o-ceaBCS-RzpsjE-7Ysiqq-rr2To-t9vVj-5dYANt-5ejhAh-5XWJse-55KYFP-6Aa2BX-jRwutZ-6JYMVz-odZyT-VZtF2-fkPEfQ-a43UbR-5e3Yv7-pPAKNN-6HQpkN-2siwmH-bup9Sg-AfhJas-a4EmvN-2mGaX-6Lb6Gi-9cMmS4-5Fm4vB-GHHgVH-HabG-5ULReK-8bfzJf-f3XEM-czGHYs-fuoXjb-5Fm69v-4z9LEf-8u4VXp-41ZQz-qcGTir-78V99a-5h8BBK-8FHG3p-4z9NVY-4z5xaM-4z9LTQ-6o3zq-RqXoJb-RGtYyr-QGJTYp
0041.jpg,Rainy Market Day,bldodge,https://creativecommons.org/licenses/by-sa/2.0/,No Changes,https://www.flickr.com/photos/bldodge/7368914782/in/photolist-ceaBCS-RzpsjE-7Ysiqq-rr2To-t9vVj-5dYANt-5ejhAh-5XWJse-55KYFP-6Aa2BX-jRwutZ-6JYMVz-odZyT-VZtF2-fkPEfQ-a43UbR-5e3Yv7-pPAKNN-6HQpkN-2siwmH-bup9Sg-AfhJas-a4EmvN-2mGaX-6Lb6Gi-9cMmS4-5Fm4vB-GHHgVH-HabG-5ULReK-8bfzJf-f3XEM-czGHYs-fuoXjb-5Fm69v-4z9LEf-8u4VXp-41ZQz-qcGTir-78V99a-5h8BBK-8FHG3p-4z9NVY-4z5xaM-4z9LTQ-6o3zq-RqXoJb-RGtYyr-QGJTYp-dJ1cLV
0042.jpg,downpour,Dan DeLuca,https://creativecommons.org/licenses/by/2.0/,No Changes,https://www.flickr.com/photos/dandeluca/4576995900/in/photolist-7Ysiqq-rr2To-t9vVj-5dYANt-5ejhAh-5XWJse-55KYFP-6Aa2BX-jRwutZ-6JYMVz-odZyT-VZtF2-fkPEfQ-a43UbR-5e3Yv7-pPAKNN-6HQpkN-2siwmH-bup9Sg-AfhJas-a4EmvN-2mGaX-6Lb6Gi-9cMmS4-5Fm4vB-GHHgVH-HabG-5ULReK-8bfzJf-f3XEM-czGHYs-fuoXjb-5Fm69v-4z9LEf-8u4VXp-41ZQz-qcGTir-78V99a-5h8BBK-8FHG3p-4z9NVY-4z5xaM-4z9LTQ-6o3zq-RqXoJb-RGtYyr-QGJTYp-dJ1cLV-RUMJEm-RMsL7K
0043.jpg,' river Nye ',Mary Clark,https://creativecommons.org/licenses/by/2.0/,No Changes,https://www.flickr.com/photos/marymerry/3258513209/in/photolist-5XWJse-55KYFP-6Aa2BX-jRwutZ-6JYMVz-odZyT-VZtF2-fkPEfQ-a43UbR-5e3Yv7-pPAKNN-6HQpkN-2siwmH-bup9Sg-AfhJas-a4EmvN-2mGaX-6Lb6Gi-9cMmS4-5Fm4vB-GHHgVH-HabG-5ULReK-8bfzJf-f3XEM-czGHYs-fuoXjb-5Fm69v-4z9LEf-8u4VXp-41ZQz-qcGTir-78V99a-5h8BBK-8FHG3p-4z9NVY-4z5xaM-4z9LTQ-6o3zq-RqXoJb-RGtYyr-QGJTYp-dJ1cLV-RUMJEm-RMsL7K-4VmjrU-7Yvszk-5c57BW-94Haa7-2HZvbw
0044.jpg,Rain, rain, rain,allispossible.org.uk,https://creativecommons.org/licenses/by/2.0/,No Changes,https://www.flickr.com/photos/wheatfields/2776109348/in/photolist-5ejhAh-5XWJse-55KYFP-6Aa2BX-jRwutZ-6JYMVz-odZyT-VZtF2-fkPEfQ-a43UbR-5e3Yv7-pPAKNN-6HQpkN-2siwmH-bup9Sg-AfhJas-a4EmvN-2mGaX-6Lb6Gi-9cMmS4-5Fm4vB-GHHgVH-HabG-5ULReK-8bfzJf-f3XEM-czGHYs-fuoXjb-5Fm69v-4z9LEf-8u4VXp-41ZQz-qcGTir-78V99a-5h8BBK-8FHG3p-4z9NVY-4z5xaM-4z9LTQ-6o3zq-RqXoJb-RGtYyr-QGJTYp-dJ1cLV-RUMJEm-RMsL7K-4VmjrU-7Yvszk-5c57BW-94Haa7
0045.jpg,IMGP0021,sturmerb,https://creativecommons.org/licenses/by-nc-nd/2.0/,No Changes,https://www.flickr.com/photos/sturmer_bill/2773121816/in/photolist-5e3Yv7-pPAKNN-6HQpkN-2siwmH-bup9Sg-AfhJas-a4EmvN-2mGaX-6Lb6Gi-9cMmS4-5Fm4vB-GHHgVH-HabG-5ULReK-8bfzJf-f3XEM-czGHYs-fuoXjb-5Fm69v-4z9LEf-8u4VXp-41ZQz-qcGTir-78V99a-5h8BBK-8FHG3p-4z9NVY-4z5xaM-4z9LTQ-6o3zq-RqXoJb-RGtYyr-QGJTYp-dJ1cLV-RUMJEm-RMsL7K-4VmjrU-7Yvszk-5c57BW-94Haa7-2HZvbw-epVMoK-kjzkd6-6kKKLR-RGKG8d-7YyGLh-9K9xU3-asGLBi-okJzNn-aeWYiy
0046.jpg,Sydney downpour,surtr,https://creativecommons.org/licenses/by-sa/2.0/,No Changes,https://www.flickr.com/photos/surtr/33872834545/in/photolist-TBe8AH-NHPqm-j7zLSe-syhq-5bxjer-5e414w-57h1eU-83D1hE-8vjrXJ-pZuiq7-kpdi4R-8BCRR-56ncf2-fybXtT-4SoFSR-35ki3Y-g1aFeu-4EDku9-nT71tb-5dYqYn-52PfTm-DpKT5b-8BCGa-azv1Zu-5Df8kG-TaakNy-psYzPg-7Jken5-eUXjSG-5e3ztd-jsQtra-559Tij-4qn2W-wg1pD-4WznFi-2M4j9Q-6KkAem-6v8Hzv-qGMDxS-wEBcR-JH1hx-AJXe5Y-cNdoqG-2jDS19-oDHsmJ-vXy5qi-auJFMh-xLZxGH-GWZaWk-oNDE4U
0047.jpg,downpour,boxer_bob,https://creativecommons.org/licenses/by-nc-nd/2.0/,No Changes,https://www.flickr.com/photos/boxerbob2000/11888910425/in/photolist-j7zLSe-syhq-5bxjer-5e414w-57h1eU-83D1hE-8vjrXJ-pZuiq7-kpdi4R-8BCRR-56ncf2-fybXtT-4SoFSR-35ki3Y-g1aFeu-4EDku9-nT71tb-5dYqYn-52PfTm-DpKT5b-8BCGa-azv1Zu-5Df8kG-TaakNy-psYzPg-7Jken5-eUXjSG-5e3ztd-jsQtra-559Tij-4qn2W-wg1pD-4WznFi-2M4j9Q-6KkAem-6v8Hzv-qGMDxS-wEBcR-JH1hx-AJXe5Y-cNdoqG-2jDS19-oDHsmJ-vXy5qi-auJFMh-xLZxGH-GWZaWk-oNDE4U-p9UbJM-6x58sK
0048.jpg,IMGP0022,sturmerb,https://creativecommons.org/licenses/by-nc-nd/2.0/,No Changes,https://www.flickr.com/photos/sturmer_bill/2773127060/in/photolist-j7zLSe-syhq-5bxjer-5e414w-57h1eU-83D1hE-8vjrXJ-pZuiq7-kpdi4R-8BCRR-56ncf2-fybXtT-4SoFSR-35ki3Y-g1aFeu-4EDku9-nT71tb-5dYqYn-52PfTm-DpKT5b-8BCGa-azv1Zu-5Df8kG-TaakNy-psYzPg-7Jken5-eUXjSG-5e3ztd-jsQtra-559Tij-4qn2W-wg1pD-4WznFi-2M4j9Q-6KkAem-6v8Hzv-qGMDxS-wEBcR-JH1hx-AJXe5Y-cNdoqG-2jDS19-oDHsmJ-vXy5qi-auJFMh-xLZxGH-GWZaWk-oNDE4U-p9UbJM-6x58sK
0049.jpg,Trapped by Storm,rosefirerising,https://creativecommons.org/licenses/by-nc-nd/2.0/,No Changes,https://www.flickr.com/photos/rosefirerising/3772215446/in/photolist-6KkAem-6v8Hzv-qGMDxS-wEBcR-JH1hx-AJXe5Y-cNdoqG-2jDS19-oDHsmJ-vXy5qi-auJFMh-xLZxGH-GWZaWk-oNDE4U-p9UbJM-6x58sK-oyZksR-HbGEVw-8eLpQQ-4z5wrn-7YvsSP-bzAWMm-8rfusr-QFPtZj-RZumpJ-828jT-8hvmTN-uTbyJG-Rxj6Af-pVVfKi-4z9Kkf-6W1fDC-5ts6mT-oApiJ9-S4gttq-Rdu51L-KucqX1-bJMsYx-GwBVt5-gFnWv-cD6W2L-8WMGb2-aF3KeZ-9mXXRC-5dYsHg-ojfkzs-nwRpn7-7Y6d64-dkwrzQ-2o5BHp
0050.jpg,Downpour,Raymond Shobe,https://creativecommons.org/licenses/by-sa/2.0/,No Changes,https://www.flickr.com/photos/bossco/14646343248/in/photolist-ojfkzs-nwRpn7-7Y6d64-dkwrzQ-2o5BHp-UGLt8V-n2p98B-aArLwN-81osQw-oeD16F-xipXRy-qMbmYn-ft5gbV-4WbqZ5-d7YhTs-dRcrJb-8ijitX-fcUgm6-dCMGUH-6LMMfX-89tuHM-iNq5bE-beBWrX-7XEDck-9tX9UH-8pnJHe-7jyzrQ-54QuoX-CSXXi-5dYw9R-bR69ut-52Piph-CsxVCE-HttRKc-NUPY3m-buU1tk-f6K9j4-dVNbkL-csjbnQ-hiB6L2-nhVr1M-w4zvL2-ucGhjf-oAvoUd-MJco7n-LBAPwJ-wBQuvY-Qa7b8C-6rrG4G-5dYzi4
0051.jpg,IMGP0017,sturmerb,https://creativecommons.org/licenses/by-nc-nd/2.0/,No Changes,https://www.flickr.com/photos/sturmer_bill/2772252729/in/photolist-5dYw9R-bR69ut-52Piph-CsxVCE-HttRKc-NUPY3m-buU1tk-f6K9j4-dVNbkL-csjbnQ-hiB6L2-nhVr1M-w4zvL2-ucGhjf-oAvoUd-MJco7n-LBAPwJ-wBQuvY-Qa7b8C-6rrG4G-5dYzi4-Bu4J8C-nPYcXS-oHuWAF-6rXBcA-csVfDy-dYyVRX-4iwZum-3PsJ9N-6FaB8r-dkBNRV-5dYFuK-6ZZnSP-cyA62J-fbEsBA-37wMy-2fozjf-LeH8JL-5e3QtA-85zSKW-oTns35-4qdgJt-QFPtxh-czKFAh-595DxL-H7WrEu-fkeKGT-4b4FHF-6Krmms-4EjNgb
0052.jpg,KL Downpour,Simon_sees,https://creativecommons.org/licenses/by/2.0/,No Changes,https://www.flickr.com/photos/39551170@N02/15021175128/in/photolist-oTns35-4qdgJt-QFPtxh-czKFAh-595DxL-H7WrEu-fkeKGT-4b4FHF-6Krmms-4EjNgb-f7Xvr6-dJ6CLC-RJLf1Z-K6tBAc-nReJNL-mkABji-Hmvtef-ajtYVH-CtrCpz-bwwXwZ-a1AKx8-btXF7f-fu9UTB-Ch1CUE-CpgGtf-pyZLUC-BT53dx-hKUTF-5dhrJ4-2gGrQd-iJyRzp-7mEGJ5-32xuY-7A45BM-59coJ1-7m3gNR-6sbaKB-jskC3Z-6r5KcB-EFXvue-6q5yvi-iLUveS-PoudMv-am9KQN-6CKQb6-amzYhj-8ux2tL-dc29WM-cYr5h3-6LodVr
0053.jpg,“But though it is unreal it is not meaningless. It eats up the surplus of consumable goods, and it helps to preserve the special mental atmosphere that a hierarchical society needs. War, it will be seen, is now a purely internal affair.” —George Orwell,anokarina,https://creativecommons.org/licenses/by-sa/2.0/,No Changes,https://www.flickr.com/photos/anokarina/7600862832/in/photolist-czEpHb-afynic-oCqd57-bJMsUP-hqDUzY-d27PLN-9J8Ngr-fovmDj-bVJFJb-78YFsW-6Y3fr1-jLzZT4-89y1r3-DSNns-UAtjJa-UEqEMx-bYKVuh-bYKV1w-oTnuYe-751n7F-pcw7Nz-Jeawii-8RqMKX-6Pjatp-8yPx9A-5iRB32-oAD9Nk-oTnoiF-985BL3-6HxfdK-764xp2-88iEks-giqcHL-dRbj8U-cFZgQW-8mEN7A-abJhrr-HiedN2-pazZWZ-7jZHr4-5mR6tu-a5h9gi-8tVH5S-cEJN73-9x1NBg-8AA9xu-oWKCpA-r8d7x1-87XBYg-8a1b5p
0054.jpg,KL Downpour,Simon_sees,https://creativecommons.org/licenses/by/2.0/,No Changes,https://www.flickr.com/photos/39551170@N02/15204687761/in/photolist-pazZWZ-7jZHr4-5mR6tu-a5h9gi-8tVH5S-cEJN73-9x1NBg-8AA9xu-oWKCpA-r8d7x1-87XBYg-8a1b5p-8tVDpQ-DGwvB-qPiYHU-7D56kU-6QZLcY-nigBPT-eutfnG-ahQbNb-2bXS8B-bvSG3f-jSNoUA-6AxxGF-avM7jc-mjmny-buWdqL-6xRQsb-BT5JRX-76q8sy-ahMoJF-bTgq76-6pW5GS-6sx86E-Kt44L-2GCjfQ-cgsFmy-aSXE1Z-9EdmP1-AM5Kt-bJcSNB-paRDFa-4EFkRN-uXj2D-o7kvoW-hWVYvG-6LajvZ-8tVNAC-846QbN-s7Ean
0055.jpg,5D3_07843C - downpour,Indiana Stan,https://creativecommons.org/licenses/by-nc/2.0/,No Changes,https://www.flickr.com/photos/photosbystan/7737753712/in/photolist-6BMhmJ-6BuEug-hzqfUk-8g5ZiH-6ABH6s-dQQ6jc-crDpkd-5KZBDV-2TNgcZ-9KWyBG-sFggKR-8Cc3wM-28x987-j8xBs-ew7mqT-deDjUz-6u1q1R-b6LwH2-hBkbKY-cML1AL-9W4ntW-7CziZD-azjdwu-zKaS2-86hDCd-znzk8T-5mfd7j-8tSwrM-6GDkSU-fav6bs-87Ppoc-6rvoap-6NrtzG-4qdgJe-d4TCFY-7TTRbT-m5VPjd-82GvSV-29hNG1-prwr9j-ovv3FX-UKCtSH-8Cc3w6-6Axyu6-AiJDB-3GRS7-ch7op7-d43su3-6cTcVR-dAcaLQ
0056.jpg,Heavy downpour,Andrea_44,https://creativecommons.org/licenses/by/2.0/,No Changes,https://www.flickr.com/photos/andrea_44/3570429041/in/photolist-6BMhmJ-6BuEug-hzqfUk-8g5ZiH-6ABH6s-dQQ6jc-crDpkd-5KZBDV-2TNgcZ-9KWyBG-sFggKR-8Cc3wM-28x987-j8xBs-ew7mqT-deDjUz-6u1q1R-b6LwH2-hBkbKY-cML1AL-9W4ntW-7CziZD-azjdwu-zKaS2-86hDCd-znzk8T-5mfd7j-8tSwrM-6GDkSU-fav6bs-87Ppoc-6rvoap-6NrtzG-4qdgJe-d4TCFY-7TTRbT-m5VPjd-82GvSV-29hNG1-prwr9j-ovv3FX-UKCtSH-8Cc3w6-6Axyu6-AiJDB-3GRS7-ch7op7-d43su3-6cTcVR-dAcaLQ
0057.jpg,Downpour at Ek' Balam, Yucatan.,melystu,https://creativecommons.org/licenses/by-nc-nd/2.0/,No Changes,https://www.flickr.com/photos/melystu/11602597683/in/photolist-iFhm4D-6AbGiX-5h6S4S-bDSP2U-bNQxCK-5Fqnkj-mfh8Ma-mjtg8-26pBaJ-e3nmZq-bYBLcS-6LRWdq-6L6RGm-6Jb8Ac-fmiqWs-a9JK3z-JsRQZE-atrCsN-a2JBQd-3ve57g-5m8vi2-a9wsPw-8CniCG-3qxtmZ-PsEgP-Hgc8W2-d3L81m-5keDkQ-irWznH-CphvuQ-kjQ3mm-RvfWLw-f2t793-nnjyp-8Cfb5J-Jm71x1-7DpS1x-aZrfw6-25k13T-atrct1-fsD2SB-aF1Qa1-6BqYJ8-4Fbj4Z-jGbhF-9ty6dz-biA7LB-9W4ok9-7fFUUf-bEJhsx
0058.jpg,Downpour from the office window,michellebflickr,https://creativecommons.org/licenses/by-nc-nd/2.0/,No Changes,https://www.flickr.com/photos/michellebflickr/705330047/in/photolist-25k13T-atrct1-fsD2SB-aF1Qa1-6BqYJ8-4Fbj4Z-jGbhF-9ty6dz-biA7LB-9W4ok9-7fFUUf-bEJhsx-6SG7Fy-cHHe7-gh6Dd-4tBJZm-7hdSvh-RQA35Q-c7Qijd-HuPhYx-eVamVF-oAxoUi-G6Hc79-28sHxe-niFaJR-8tSxCe-5jq2yA-HfkY8-eT4w1h-dMG4dy-6XUuXJ-28sHEB-4njDUd-25xfqW-71jJQa-6jTbJ6-6JBsMK-by9LYQ-dn74c8-hHRdBL-dxs5Gm-9GN1nH-U7hBUo-7DJbV8-ogs53S-612gH-eooJUi-fNvCJH-pbqfrH-dpYQH
0059.jpg,the 80 freeway in the rain,Robert Couse-Baker,https://creativecommons.org/licenses/by-nc/2.0/,No Changes,https://www.flickr.com/photos/29233640@N07/5562660669/in/photolist-9ty6dz-biA7LB-9W4ok9-7fFUUf-bEJhsx-6SG7Fy-cHHe7-gh6Dd-4tBJZm-7hdSvh-RQA35Q-c7Qijd-HuPhYx-eVamVF-oAxoUi-G6Hc79-28sHxe-niFaJR-8tSxCe-5jq2yA-HfkY8-eT4w1h-dMG4dy-6XUuXJ-28sHEB-4njDUd-25xfqW-71jJQa-6jTbJ6-6JBsMK-by9LYQ-dn74c8-hHRdBL-dxs5Gm-9GN1nH-U7hBUo-7DJbV8-ogs53S-612gH-eooJUi-fNvCJH-pbqfrH-dpYQH-3fdrA-4Xmjqh-TeTxab-Mco3Ns-c7cyeJ-6Tu2tX-QSzQ6b
0060.jpg,Last Century New York,Marcin Chady,https://creativecommons.org/licenses/by/2.0/,No Changes,https://www.flickr.com/photos/marcinchady/4104358878/in/photolist-7fFUUf-bEJhsx-6SG7Fy-cHHe7-gh6Dd-4tBJZm-7hdSvh-RQA35Q-c7Qijd-HuPhYx-eVamVF-oAxoUi-G6Hc79-28sHxe-niFaJR-8tSxCe-5jq2yA-HfkY8-eT4w1h-dMG4dy-6XUuXJ-28sHEB-4njDUd-25xfqW-71jJQa-6jTbJ6-6JBsMK-by9LYQ-dn74c8-hHRdBL-dxs5Gm-9GN1nH-U7hBUo-7DJbV8-ogs53S-612gH-eooJUi-fNvCJH-pbqfrH-dpYQH-3fdrA-4Xmjqh-TeTxab-Mco3Ns-c7cyeJ-6Tu2tX-QSzQ6b-e7TeVQ-p3enz3-eiZe9Y
0061.jpg,Caught in the rain,Alan Light,https://creativecommons.org/licenses/by/2.0/,No Changes,https://www.flickr.com/photos/alan-light/13983514689/in/photolist-niFaJR-8tSxCe-5jq2yA-HfkY8-eT4w1h-dMG4dy-6XUuXJ-28sHEB-4njDUd-25xfqW-71jJQa-6jTbJ6-6JBsMK-by9LYQ-dn74c8-hHRdBL-dxs5Gm-9GN1nH-U7hBUo-7DJbV8-ogs53S-612gH-eooJUi-fNvCJH-pbqfrH-dpYQH-3fdrA-4Xmjqh-TeTxab-Mco3Ns-c7cyeJ-6Tu2tX-QSzQ6b-e7TeVQ-p3enz3-eiZe9Y-4TDvyD-RvyGSm-4z5B84-fef2Nd-9vJ1t3-cpZfeS-eVmEwC-D1vqt-dV8Ly3-8BYJmK-7J9Fg7-eCjthn-cBfa2J-9BWUK1
0062.jpg,Toronto's Torrential Terror,Eyesplash - Summer was a blast, for 6 million view,https://creativecommons.org/licenses/by-nc-nd/2.0/,No Changes,https://www.flickr.com/photos/eyesplash/9267723899/in/photolist-ajfccp-f7Xvr6-oJXn5Y-8iTSdB-HcnamJ-nReJNL-CtrCpz-cvqL6C-dvvEBd-onjK9D-nrj1em-ahSoAY-oAD9Nk-ePh3h7-84QCDU-2PMiuX-pYqzMU-io9Q9Y-2GLMz8-pFXbm3-adniPw-J8q5XE-afy4NN-foHcxy-a5Tous-p2v93E-ffhAUe-x4T93-eTxMeq-pWc9pb-Lj6LS-bDed1v-ffwQNj-8RKTWV-x4SLa-8XCDXk-qV1XP7-pFXk3G-9foXYZ-8LFtPj-6q2Ux3-ffhB7g-pgNqBN-91Avm-6pXNkg-qgpgF9-bUMpG6-pFS2DH-jQEH2-96Hwwd
0063.jpg,Kruoja Pakruojis Reserves v Žalgiris Vilnius Reserve,Groundhopping Merseburg,https://creativecommons.org/licenses/by-nc/2.0/,No Changes,https://www.flickr.com/photos/fchmksfkcb/15121447672/in/photolist-p3enz3-eiZe9Y-4TDvyD-RvyGSm-4z5B84-fef2Nd-9vJ1t3-cpZfeS-eVmEwC-D1vqt-dV8Ly3-8BYJmK-7J9Fg7-eCjthn-cBfa2J-9BWUK1-7Y6mpP-q3Yd2-8u7Lvx-5cwXss-64EgjQ-9zxG13-8Ky2MK-5miPSs-28x9zj-5iRB4B-cKRDDE-6HbVq4-EKbujy-97gDgM-651JoW-6AbDqZ-kPTc5-7pJqxx-4egup-aCaP27-exGFs-hx5cC-85HHFr-nKnhx4-8isUkA-6Axye6-azqfiN-buKbR4-6ABFud-8xqpYk-dV8LtG-bYKVh9-8tSvm2-5hsHpZ
0064.jpg,Finsbury Square,Nico Hogg,https://creativecommons.org/licenses/by-nc/2.0/,No Changes,https://www.flickr.com/photos/nicohogg/6120885755/in/photolist-ajT962-MUV8a-8AzWVt-hBjVkD-8SMMUv-5GoAUS-qCDsfS-8qQQWx-2jUp8-9462sV-9Sta7F-qaAKca-85LS1j-buEtt7-dRM6zu-6m4gvg-afLQfS-88iDJ5-qQUJ9a-yud3k-6JVMXd-55Le4K-4R23FX-aPBySn-55LQxc-bestqk-48aTop-52pxHx-8SN4dZ-bsSr93-bA4Mym-6aDdks-5vgwa9-deYoXb-g4ERjm-bxWPPt-bFtVQe-fDdHae-4mSdBW-vU1PM8-smABW-9DeL8-parTJu-dpU7a5-mT8akt-egifnQ-pAqwZV-9qxM2A-c3PVS9-cu2sKQ
0065.jpg,Action on Climate Change, II,Newtown grafitti,https://creativecommons.org/licenses/by/2.0/,No Changes,https://www.flickr.com/photos/newtown_grafitti/10901477095/in/photolist-hBjVkD-8SMMUv-5GoAUS-qCDsfS-8qQQWx-2jUp8-9462sV-9Sta7F-qaAKca-85LS1j-buEtt7-dRM6zu-6m4gvg-afLQfS-88iDJ5-qQUJ9a-yud3k-6JVMXd-55Le4K-4R23FX-aPBySn-55LQxc-bestqk-48aTop-52pxHx-8SN4dZ-bsSr93-bA4Mym-6aDdks-5vgwa9-deYoXb-g4ERjm-bxWPPt-bFtVQe-fDdHae-4mSdBW-vU1PM8-smABW-9DeL8-parTJu-dpU7a5-mT8akt-egifnQ-pAqwZV-9qxM2A-c3PVS9-cu2sKQ-aF9VfU-4HRTnt-4TkS4C
0066.jpg,IMGP2578,Matt Buck,https://creativecommons.org/licenses/by-sa/2.0/,No Changes,https://www.flickr.com/photos/mattbuck007/4985881693/in/photolist-8AzWVt-hBjVkD-8SMMUv-5GoAUS-qCDsfS-8qQQWx-2jUp8-9462sV-9Sta7F-qaAKca-85LS1j-buEtt7-dRM6zu-6m4gvg-afLQfS-88iDJ5-qQUJ9a-yud3k-6JVMXd-55Le4K-4R23FX-aPBySn-55LQxc-bestqk-48aTop-52pxHx-8SN4dZ-bsSr93-bA4Mym-6aDdks-5vgwa9-deYoXb-g4ERjm-bxWPPt-bFtVQe-fDdHae-4mSdBW-vU1PM8-smABW-9DeL8-parTJu-dpU7a5-mT8akt-egifnQ-pAqwZV-9qxM2A-c3PVS9-cu2sKQ-aF9VfU-4HRTnt
0067.jpg,Heavy Rain,oatsy40,https://creativecommons.org/licenses/by/2.0/,No Changes,https://www.flickr.com/photos/oatsy40/6715847279/in/photolist-bestqk-48aTop-52pxHx-8SN4dZ-bsSr93-bA4Mym-6aDdks-5vgwa9-deYoXb-g4ERjm-bxWPPt-bFtVQe-fDdHae-4mSdBW-vU1PM8-smABW-9DeL8-parTJu-dpU7a5-mT8akt-egifnQ-pAqwZV-9qxM2A-c3PVS9-cu2sKQ-aF9VfU-4HRTnt-4TkS4C-868AAo-2EUoji-bUzTjU-7fbN4C-8mf5Rn-a7i77o-bUXRmR-6QVjuw-7e8YKk-oG4YXb-9XYH42-NgzBq-4NmXJy-hLPKe-bQTjs6-25F2FH-72kMpc-A7d87-buHPSK-8f3a9i-pb4coP-8tSKc4
0068.jpg,Utter downpour,HannahWebb,https://creativecommons.org/licenses/by-nd/2.0/,No Changes,https://www.flickr.com/photos/hannahtucker/6867636742/in/photolist-bsSr93-bA4Mym-6aDdks-5vgwa9-deYoXb-g4ERjm-bxWPPt-bFtVQe-fDdHae-4mSdBW-vU1PM8-smABW-9DeL8-parTJu-dpU7a5-mT8akt-egifnQ-pAqwZV-9qxM2A-c3PVS9-cu2sKQ-aF9VfU-4HRTnt-4TkS4C-868AAo-2EUoji-bUzTjU-7fbN4C-8mf5Rn-a7i77o-bUXRmR-6QVjuw-7e8YKk-oG4YXb-9XYH42-NgzBq-4NmXJy-hLPKe-bQTjs6-25F2FH-72kMpc-A7d87-buHPSK-8f3a9i-pb4coP-8tSKc4-cck6oJ-8T6kfx-eigzES-9NG9gP
0069.jpg,Afternoon soaking downpour,Peter Stevens,https://creativecommons.org/licenses/by/2.0/,No Changes,https://www.flickr.com/photos/nordique/7251908904/in/photolist-bA4Mym-6aDdks-5vgwa9-deYoXb-g4ERjm-bxWPPt-bFtVQe-fDdHae-4mSdBW-vU1PM8-smABW-9DeL8-parTJu-dpU7a5-mT8akt-egifnQ-pAqwZV-9qxM2A-c3PVS9-cu2sKQ-aF9VfU-4HRTnt-4TkS4C-868AAo-2EUoji-bUzTjU-7fbN4C-8mf5Rn-a7i77o-bUXRmR-6QVjuw-7e8YKk-oG4YXb-9XYH42-NgzBq-4NmXJy-hLPKe-bQTjs6-25F2FH-72kMpc-A7d87-buHPSK-8f3a9i-pb4coP-8tSKc4-cck6oJ-8T6kfx-eigzES-9NG9gP-6rj3Hn
0070.jpg,Kew Gardens Station in the rain,Annie Mole,https://creativecommons.org/licenses/by/2.0/,No Changes,https://www.flickr.com/photos/anniemole/2550087138/in/photolist-4TkS4C-868AAo-2EUoji-bUzTjU-7fbN4C-8mf5Rn-a7i77o-bUXRmR-6QVjuw-7e8YKk-oG4YXb-9XYH42-NgzBq-4NmXJy-hLPKe-bQTjs6-25F2FH-72kMpc-A7d87-buHPSK-8f3a9i-pb4coP-8tSKc4-cck6oJ-8T6kfx-eigzES-9NG9gP-6rj3Hn-okJzPp-pbqEtb-e2VgBz-cgiiBq-cpBkAb-qc8WUj-5znyiP-qgpgF9-eYLbwZ-86momx-QVFJfc-psVrhx-4z9TrA-5uv2wJ-sZX4cz-4z5uFp-8s9jUh-bNgin-aCZTnS-6yJPb2-bNKYcz-fJvr7A
0071.jpg,East Village downpour,Dan Nguyen,https://creativecommons.org/licenses/by-nc/2.0/,No Changes,https://www.flickr.com/photos/zokuga/7348129556/in/photolist-878B2M-cck5UU-6xPoxy-5C2NQM-hC9s2-89ju1q-qCDtsS-9rVXMD-7Xys8P-71wX7L-nxt2wD-4HRTPT-9LdEDG-9vSjsZ-6SwSjv-ewxYXc-7WWTRd-cLE4wL-5a2pp8-hiB6AH-8QPbvd-8oV1Zs-eUXjAA-5jeKk9-bRKgs-6w3Mse-aF3HnP-cgsF2W-kchAL-j87jCj-BiMaZ-591uqM-fFUoMS-4ZL8Rn-jWh8mr-b5fCr-6PXK9b-wjXr9d-bEmFTE-qNbmZh-6sSNaG-5a2oCV-ST3aY8-dWEe3c-mgKAZY-9mTAfu-bYv3mL-6MPn7w-817pQM-fdfLeS
0072.jpg,The Downpour in Puri,Steve Browne & John Verkleir,https://creativecommons.org/licenses/by/2.0/,No Changes,https://www.flickr.com/photos/proxyindian/5173280434/in/photolist-g8Wjpk-ehW18H-8T9q3f-2EYiF-atoxbT-fsCsTJ-HwhSyP-85HHsk-7Wkj48-6vE1BC-87DdNb-6BQhdj-nxt4Ym-2HzhaD-8oDfr9-gZSxd-bxJsCy-6We23s-dXkCmX-fi4bx9-aB6Mwv-9KpRtG-cck49o-4LyP3N-oCLHsS-cqxBKo-cbtXXq-878B8a-bUXP4g-9nUd5i-NgHhv-atox9P-abhNRC-bq54w-kMjxW-6zKbFa-8gUhw9-byCThP-88NPdG-9XCuvx-5Fm6KR-kVGXR-eUYJTT-faid3L-cPeQkJ-4KjJ2b-8WVdxT-6geCcz-6pupda-8e8bJb
0073.jpg,Lanakai,jai Mansson,https://creativecommons.org/licenses/by-sa/2.0/,No Changes,https://www.flickr.com/photos/75348994@N00/3454189511/in/photolist-g8Wjpk-ehW18H-8T9q3f-2EYiF-atoxbT-fsCsTJ-HwhSyP-85HHsk-7Wkj48-6vE1BC-87DdNb-6BQhdj-nxt4Ym-2HzhaD-8oDfr9-gZSxd-bxJsCy-6We23s-dXkCmX-fi4bx9-aB6Mwv-9KpRtG-cck49o-4LyP3N-oCLHsS-cqxBKo-cbtXXq-878B8a-bUXP4g-9nUd5i-NgHhv-atox9P-abhNRC-bq54w-kMjxW-6zKbFa-8gUhw9-byCThP-88NPdG-9XCuvx-5Fm6KR-kVGXR-eUYJTT-faid3L-cPeQkJ-4KjJ2b-8WVdxT-6geCcz-6pupda-8e8bJb
0074.jpg,Havenstreet Downpour (1),Andrew,https://creativecommons.org/licenses/by/2.0/,No Changes,https://www.flickr.com/photos/arg_flickr/8032577412/in/photolist-deP4q1-nxsYYm-aeAZn4-8tSPNT-n992hx-bHrYiF-9DcYr-9GGV5u-HLMSrG-nr6dys-9ShTcF-eckPcA-f5gokC-p4WHme-fu8prq-4W8DSb-cFZq1G-cKQF7L-6BFroL-dVqEid-niYUPq-JEZY59-xBkSEA-cuCaXu-87bNoC-9rVYqM-atrco9-atox1v-cBf9bj-dQWUiU-2bejTm-9s8yd1-gfHyc2-eV7EUp-898Svh-gaZ7Ly-fFCh9n-czDdF1-j5rq7H-6Ecra3-pG6bG8-Rdc6Lp-8kjJ3r-7Wb4Lj-dVr4zt-kjMWA-6vzz7M-AhuNg-bqgzFD-2Vi8f1
0075.jpg,Downpour in Toliara,NH53,https://creativecommons.org/licenses/by/2.0/,No Changes,https://www.flickr.com/photos/nh53/6061152137/in/photolist-aeAZn4-8tSPNT-n992hx-bHrYiF-9DcYr-9GGV5u-HLMSrG-nr6dys-9ShTcF-eckPcA-f5gokC-p4WHme-fu8prq-4W8DSb-cFZq1G-cKQF7L-6BFroL-dVqEid-niYUPq-JEZY59-xBkSEA-cuCaXu-87bNoC-9rVYqM-atrco9-atox1v-cBf9bj-dQWUiU-2bejTm-9s8yd1-gfHyc2-eV7EUp-898Svh-gaZ7Ly-fFCh9n-czDdF1-j5rq7H-6Ecra3-pG6bG8-Rdc6Lp-8kjJ3r-7Wb4Lj-dVr4zt-kjMWA-6vzz7M-AhuNg-bqgzFD-2Vi8f1-RcipP-8Zk6NH
0076.jpg,Hanoi,Greg Willis,https://creativecommons.org/licenses/by-sa/2.0/,No Changes,https://www.flickr.com/photos/gregw66/14067422338/in/photolist-nr6dys-9ShTcF-eckPcA-f5gokC-p4WHme-fu8prq-4W8DSb-cFZq1G-cKQF7L-6BFroL-dVqEid-niYUPq-JEZY59-xBkSEA-cuCaXu-87bNoC-9rVYqM-atrco9-atox1v-cBf9bj-dQWUiU-2bejTm-9s8yd1-gfHyc2-eV7EUp-898Svh-gaZ7Ly-fFCh9n-czDdF1-j5rq7H-6Ecra3-pG6bG8-Rdc6Lp-8kjJ3r-7Wb4Lj-dVr4zt-kjMWA-6vzz7M-AhuNg-bqgzFD-2Vi8f1-RcipP-8Zk6NH-feacRd-od3TRj-9eJFKY-6D3BnT-d13E4L-nPND87-8mBJ7B
0077.jpg,IMG00015-20110725-0958.jpg,Curtis Anderson,https://creativecommons.org/licenses/by/2.0/,No Changes,https://www.flickr.com/photos/gleepy/5983364922/in/photolist-a7JiWb-nAtweB-9zmJ36-dDpWJ5-ofwVuw-ogtiCX-9G7ubo-p4ZUAs-Rk2qAg-bEcNzt-oYFF1j-4z9P3Y-aBo8TV-7MWvGh-aBqNgL-rCHCrV-RFkWAz-9AU91Z-RBeCEr-pbqo8e-QNLRg1-8uMfLY-aBo7rM-5kKB2J-RuHp6U-4z5yTe-ajWscZ-ciEVnh-9XYHck-d27CTE-9rYVJE-88NPdu-agRZ4H-6EfW6B-f527Z8-5feDsc-auFfZx-ehU6QT-bK6Mve-dQRkdr-8ipCp6-6titLJ-nfC5zA-Fxcxk-5rsred-6XktHc-6nML7j-ffuun6-QSM4-5bQSsT
0078.jpg,A spot of rain,habeebee,https://creativecommons.org/licenses/by-nc-nd/2.0/,No Changes,https://www.flickr.com/photos/almodozo/14162807439/in/photolist-nzw6ea-8gz15E-dGmcrF-6yb7ph-R91coU-fnj71n-RbScWU-x4T93-fbxLEF-GYgZnE-RBQ9gh-ae8iGv-4z9TEf-boMUVN-2s1nf4-p8NksA-faRopL-8gABKQ-QJpX5F-a1Av8e-nHy1QJ-6B5hnb-8DW2qz-8DxTzN-mpdV3V-fwibzX-6gchQJ-56ex45-ex8rGU-2XAhNm-atox4x-fhmixD-QSMc-25xo6h-c3F3tA-6aiibB-eUpQtw-5f8ioJ-5fyj23-6J9u16-9U4AGr-26pB8Y-GHHhNp-5FPst1-7FhoHs-mDFuyD-njftjn-4pzQrJ-hXxQiB-66QuDK
0079.jpg,Hanoi,Greg Willis,https://creativecommons.org/licenses/by-sa/2.0/,No Changes,https://www.flickr.com/photos/gregw66/14253714874/in/photolist-nHy1QJ-6B5hnb-8DW2qz-8DxTzN-mpdV3V-fwibzX-6gchQJ-56ex45-ex8rGU-2XAhNm-atox4x-fhmixD-QSMc-25xo6h-c3F3tA-6aiibB-eUpQtw-5f8ioJ-5fyj23-6J9u16-9U4AGr-26pB8Y-GHHhNp-5FPst1-7FhoHs-mDFuyD-njftjn-4pzQrJ-hXxQiB-66QuDK-4JmhbK-6viCJv-AR5aqE-2jrFkR-f9zuCa-6W11mr-7Z7ZTU-amYGEq-7KwvJz-b2Mkig-nAtMto-nPXGmX-5axBiK-8dz4yT-t5Ww1-rz7VU-57xMpz-RBe14V-a74xED-dMyGDd
0080.jpg,Downpour 8-10-13 Grants Pass,Shannon Rand,https://creativecommons.org/licenses/by-nc/2.0/,No Changes,https://www.flickr.com/photos/runningbrookfarms/9531842145/in/photolist-fwibzX-6gchQJ-56ex45-ex8rGU-2XAhNm-atox4x-fhmixD-QSMc-25xo6h-c3F3tA-6aiibB-eUpQtw-5f8ioJ-5fyj23-6J9u16-9U4AGr-26pB8Y-GHHhNp-5FPst1-7FhoHs-mDFuyD-njftjn-4pzQrJ-hXxQiB-66QuDK-4JmhbK-6viCJv-AR5aqE-2jrFkR-f9zuCa-6W11mr-7Z7ZTU-amYGEq-7KwvJz-b2Mkig-nAtMto-nPXGmX-5axBiK-8dz4yT-t5Ww1-rz7VU-57xMpz-RBe14V-a74xED-dMyGDd-dHBxyA-cFkrHf-exC8tU-dexjgP-4ZKMr
0081.jpg,Intense downpour in Battambang,Axel Drainville,https://creativecommons.org/licenses/by-nc/2.0/,No Changes,https://www.flickr.com/photos/axelrd/6217153257/in/photolist-atox4x-fhmixD-QSMc-25xo6h-c3F3tA-6aiibB-eUpQtw-5f8ioJ-5fyj23-6J9u16-9U4AGr-26pB8Y-GHHhNp-5FPst1-7FhoHs-mDFuyD-njftjn-4pzQrJ-hXxQiB-66QuDK-4JmhbK-6viCJv-AR5aqE-2jrFkR-f9zuCa-6W11mr-7Z7ZTU-amYGEq-7KwvJz-b2Mkig-nAtMto-nPXGmX-5axBiK-8dz4yT-t5Ww1-rz7VU-57xMpz-RBe14V-a74xED-dMyGDd-dHBxyA-cFkrHf-exC8tU-dexjgP-4ZKMr-9DcMW-LU5Hdj-6JvmhY-4bNh8h-JcDfnV
0082.jpg,X11_3706,Ken Owen,https://creativecommons.org/licenses/by-nc-nd/2.0/,No Changes,https://www.flickr.com/photos/neonzu1/7250175136/in/photolist-c3F3tA-6aiibB-eUpQtw-5f8ioJ-5fyj23-6J9u16-9U4AGr-26pB8Y-GHHhNp-5FPst1-7FhoHs-mDFuyD-njftjn-4pzQrJ-hXxQiB-66QuDK-4JmhbK-6viCJv-AR5aqE-2jrFkR-f9zuCa-6W11mr-7Z7ZTU-amYGEq-7KwvJz-b2Mkig-nAtMto-nPXGmX-5axBiK-8dz4yT-t5Ww1-rz7VU-57xMpz-RBe14V-a74xED-dMyGDd-dHBxyA-cFkrHf-exC8tU-dexjgP-4ZKMr-9DcMW-LU5Hdj-6JvmhY-4bNh8h-JcDfnV-d7v69-jS5c6-4XmXZ1-4JYhYG
0083.jpg,Downpour at Foxfield,Steven Miller,https://creativecommons.org/licenses/by-nc-nd/2.0/,No Changes,https://www.flickr.com/photos/smb20731/2448319823/in/photolist-4JmhbK-6viCJv-AR5aqE-2jrFkR-f9zuCa-6W11mr-7Z7ZTU-amYGEq-7KwvJz-b2Mkig-nAtMto-nPXGmX-5axBiK-8dz4yT-t5Ww1-rz7VU-57xMpz-RBe14V-a74xED-dMyGDd-dHBxyA-cFkrHf-exC8tU-dexjgP-4ZKMr-9DcMW-LU5Hdj-6JvmhY-4bNh8h-JcDfnV-d7v69-jS5c6-4XmXZ1-4JYhYG-3e2cAR-aBqMu5-9ihfeU-4z9PtS-DXJnfk-612eP-QoPvKf-7MSvma-eqS31A-a2Mz8c-QqwHZh-MkT1bR-6Wz1Ai-cpBjzw-eqS35y-JQfr2y
0084.jpg,autobús,mizmareck,https://creativecommons.org/licenses/by-nc/2.0/,No Changes,https://www.flickr.com/photos/missmareck/2597471343/in/photolist-8UdnHB-5xDEdU-dHD4i6-9DdJR-4XwHJF-iZsGE-9TMoAU-atrcBf-85LSdj-eowVac-7ikqX7-aETxes-75kDeL-ejQ6vF-9GZhPr-nAtRfw-826zPD-f5gpsL-iRidm-eMZAGb-9tMYFd-RnfeNa-9DdnX-bDjopt-Q5PfQJ-6aZQsr-eFCkDB-f52a2c-4eBNjm-a1geYV-9HT4ei-ccMJfo-9DeFK-adcZ5n-7rkLiC-auJF3h-hfpzh-nAtkAT-6yKrks-2cbjE-5AKrQN-bNKYaB-RBdZFk-4WfN1L-5iDWNu-dGn2Ug-6MSwpf-9SwNyC-QSM2-emdH6B
0085.jpg,Watering At Crianlarich,Andrew,https://creativecommons.org/licenses/by/2.0/,No Changes,https://www.flickr.com/photos/arg_flickr/8787633081/in/photolist-8UdnHB-5xDEdU-dHD4i6-9DdJR-4XwHJF-iZsGE-9TMoAU-atrcBf-85LSdj-eowVac-7ikqX7-aETxes-75kDeL-ejQ6vF-9GZhPr-nAtRfw-826zPD-f5gpsL-iRidm-eMZAGb-9tMYFd-RnfeNa-9DdnX-bDjopt-Q5PfQJ-6aZQsr-eFCkDB-f52a2c-4eBNjm-a1geYV-9HT4ei-ccMJfo-9DeFK-adcZ5n-7rkLiC-auJF3h-hfpzh-nAtkAT-6yKrks-2cbjE-5AKrQN-bNKYaB-RBdZFk-4WfN1L-5iDWNu-dGn2Ug-6MSwpf-9SwNyC-QSM2-emdH6B
0086.jpg,Downpour, Stone Town,Jade Stapleton,https://creativecommons.org/licenses/by-nc/2.0/,No Changes,https://www.flickr.com/photos/cybermunkee/6347293536/in/photolist-aETxes-75kDeL-ejQ6vF-9GZhPr-nAtRfw-826zPD-f5gpsL-iRidm-eMZAGb-9tMYFd-RnfeNa-9DdnX-bDjopt-Q5PfQJ-6aZQsr-eFCkDB-f52a2c-4eBNjm-a1geYV-9HT4ei-ccMJfo-9DeFK-adcZ5n-7rkLiC-auJF3h-hfpzh-nAtkAT-6yKrks-2cbjE-5AKrQN-bNKYaB-RBdZFk-4WfN1L-5iDWNu-dGn2Ug-6MSwpf-9SwNyC-QSM2-emdH6B-nAbtt2-4z5yqD-7dFG7J-3Ki4E-6Rcvq2-9j3Nbf-4z5wVp-nayuuP-9B1bAw-4z9SCb-9KVwgx
0087.jpg,Sudden Downpour,Angelina Earley,https://creativecommons.org/licenses/by-nc-nd/2.0/,No Changes,https://www.flickr.com/photos/daedrius/7353328066/in/photolist-ccMJfo-9DeFK-adcZ5n-7rkLiC-auJF3h-hfpzh-nAtkAT-6yKrks-2cbjE-5AKrQN-bNKYaB-RBdZFk-4WfN1L-5iDWNu-dGn2Ug-6MSwpf-9SwNyC-QSM2-emdH6B-nAbtt2-4z5yqD-7dFG7J-3Ki4E-6Rcvq2-9j3Nbf-4z5wVp-nayuuP-9B1bAw-4z9SCb-9KVwgx-ca5Lg-Dtmz2o-fbxLwT-4z9Umj-9iX8zA-cEwcqA-e8SHgj-b2SBvt-6JepNt-k8cuHP-J7btSx-U1JAZ-Kt9ja-7DpWm6-5ewWEF-aSXwCx-5fTGc1-78JbfD-7W7c9J-7McPJw
0088.jpg,Downpour in the Parade,Jamie Moore,https://creativecommons.org/licenses/by-nd/2.0/,No Changes,https://www.flickr.com/photos/ketmonkey/588601109/in/photolist-U1JAZ-Kt9ja-7DpWm6-5ewWEF-aSXwCx-5fTGc1-78JbfD-7W7c9J-7McPJw-dmLWmW-89YYeB-ev64m-8tVxy5-fSKXr-9cnTop-cxgAE7-886ATW-g8Wu5b-8Dosv2-bL8XYX-9DeAc-BiMaY-9Dd5a-77fBLc-ft27Hb-61myai-6zxbzS-2xU47R-bnAfqU-6KywRf-nCw5mV-9DdC1-gfSBuN-dRfTGi-7PFLUk-7y4fX5-e5PsRn-bw8ShV-8qQQPg-a5KtYG-oY4kHA-HKdApB-8ir73t-B5NxUu-fJvwWK-nMpbZV-4uxvNk-btT7rW-ZUWZV-7wAmys
0089.jpg,Rain Rain Go Away,Five Furlongs,https://creativecommons.org/licenses/by-nd/2.0/,No Changes,https://www.flickr.com/photos/fivefurlongs/4025585273/in/photolist-78JbfD-7W7c9J-7McPJw-dmLWmW-89YYeB-ev64m-8tVxy5-fSKXr-9cnTop-cxgAE7-886ATW-g8Wu5b-8Dosv2-bL8XYX-9DeAc-BiMaY-9Dd5a-77fBLc-ft27Hb-61myai-6zxbzS-2xU47R-bnAfqU-6KywRf-nCw5mV-9DdC1-gfSBuN-dRfTGi-7PFLUk-7y4fX5-e5PsRn-bw8ShV-8qQQPg-a5KtYG-oY4kHA-HKdApB-8ir73t-B5NxUu-fJvwWK-nMpbZV-4uxvNk-btT7rW-ZUWZV-7wAmys-afPQCD-GjDUFp-6FBZiR-6p1bqY-nsLJLP-9gr3B4
0090.jpg,IMG_0311,WS25.19,https://creativecommons.org/licenses/by-nc-nd/2.0/,No Changes,https://www.flickr.com/photos/leileiky/8433694989/in/photolist-bnAfqU-6KywRf-nCw5mV-9DdC1-gfSBuN-dRfTGi-7PFLUk-7y4fX5-e5PsRn-bw8ShV-8qQQPg-a5KtYG-oY4kHA-HKdApB-8ir73t-B5NxUu-fJvwWK-nMpbZV-4uxvNk-btT7rW-ZUWZV-7wAmys-afPQCD-GjDUFp-6FBZiR-6p1bqY-nsLJLP-9gr3B4-obEtNb-JHtjgP-ffxS7Z-eikxdv-6BFiNZ-4Wfmv5-eTE31x-8XXqhR-7dBN7H-fbmueq-5C77Ws-cuMhSW-fmC7Sy-g8X6aa-8d1bZV-7a1X2W-hCpop5-9U7pfh-8Fd2xB-8euSkV-a4q3Av-3AJwQG
0091.jpg,A Rainy Day at the Main Street Station,Tours Departing Daily,https://creativecommons.org/licenses/by-nc-nd/2.0/,No Changes,https://www.flickr.com/photos/toursdepartingdaily/6879085472/in/photolist-bnAfqU-6KywRf-nCw5mV-9DdC1-gfSBuN-dRfTGi-7PFLUk-7y4fX5-e5PsRn-bw8ShV-8qQQPg-a5KtYG-oY4kHA-HKdApB-8ir73t-B5NxUu-fJvwWK-nMpbZV-4uxvNk-btT7rW-ZUWZV-7wAmys-afPQCD-GjDUFp-6FBZiR-6p1bqY-nsLJLP-9gr3B4-obEtNb-JHtjgP-ffxS7Z-eikxdv-6BFiNZ-4Wfmv5-eTE31x-8XXqhR-7dBN7H-fbmueq-5C77Ws-cuMhSW-fmC7Sy-g8X6aa-8d1bZV-7a1X2W-hCpop5-9U7pfh-8Fd2xB-8euSkV-a4q3Av-3AJwQG
0092.jpg,Crazy fast downpour and thunderstorm,criana,https://creativecommons.org/licenses/by-nc-nd/2.0/,No Changes,https://www.flickr.com/photos/criana/4730332327/in/photolist-bnAfqU-6KywRf-nCw5mV-9DdC1-gfSBuN-dRfTGi-7PFLUk-7y4fX5-e5PsRn-bw8ShV-8qQQPg-a5KtYG-oY4kHA-HKdApB-8ir73t-B5NxUu-fJvwWK-nMpbZV-4uxvNk-btT7rW-ZUWZV-7wAmys-afPQCD-GjDUFp-6FBZiR-6p1bqY-nsLJLP-9gr3B4-obEtNb-JHtjgP-ffxS7Z-eikxdv-6BFiNZ-4Wfmv5-eTE31x-8XXqhR-7dBN7H-fbmueq-5C77Ws-cuMhSW-fmC7Sy-g8X6aa-8d1bZV-7a1X2W-hCpop5-9U7pfh-8Fd2xB-8euSkV-a4q3Av-3AJwQG
0093.jpg,Irish Summer,Neil Tackaberry,https://creativecommons.org/licenses/by-nd/2.0/,No Changes,https://www.flickr.com/photos/23629083@N03/6098106484/in/photolist-ahSoAY-oAD9Nk-ePh3h7-84QCDU-2PMiuX-pYqzMU-io9Q9Y-2GLMz8-pFXbm3-adniPw-J8q5XE-afy4NN-foHcxy-a5Tous-p2v93E-ffhAUe-x4T93-eTxMeq-pWc9pb-Lj6LS-bDed1v-ffwQNj-8RKTWV-x4SLa-8XCDXk-qV1XP7-pFXk3G-9foXYZ-8LFtPj-6q2Ux3-ffhB7g-pgNqBN-91Avm-6pXNkg-qgpgF9-bUMpG6-pFS2DH-jQEH2-96Hwwd-o7kvoW-eHEFMP-fnaJpq-U49yre-9UTiAE-oK7oEg-84T8J5-XZitL-9Sta7F-eB2fWQ-XUU4Z
0094.jpg,K91 BNY,Nick,https://creativecommons.org/licenses/by-nd/2.0/,No Changes,https://www.flickr.com/photos/marauder43366/5100126140/in/photolist-8LFtPj-6q2Ux3-ffhB7g-pgNqBN-91Avm-6pXNkg-qgpgF9-bUMpG6-pFS2DH-jQEH2-96Hwwd-o7kvoW-eHEFMP-fnaJpq-U49yre-9UTiAE-oK7oEg-84T8J5-XZitL-9Sta7F-eB2fWQ-XUU4Z-dQx9ux-fr4AWH-9bwwao-roiAU-cvuS7f-9VeoQE-4WFLa7-8fDZNF-eP5CdF-SG8jeY-RQA35Q-6asFp6-aiXuuQ-iLUveS-73CsUD-6zzNyg-ejQ6vF-fr1DkH-cTzyDS-droDTf-nJfXJ4-8G57R7-cRxEum-ePzp3w-hd4y9-2FHMw2-dHvzoK-rakWh
0095.jpg,Comfort Inn, Abingdon, VA,Eli Christman,https://creativecommons.org/licenses/by/2.0/,No Changes,https://www.flickr.com/photos/gammaman/11783085046/in/photolist-iXeoEJ-epjWWA-5BA111-751m4z-7NqXbQ-aBqMKo-4b4G9T-dRbj7A-63WjAX-vkvx7i-2o8DW-8m6T6p-enjta9-6Uq1iP-6Uq1xe-niZ594-enuLt-53aNWx-nPEEKa-jaxGnB-6JeqXe-8AD4Hf-aebZW6-4RVaM-9496G1-qkNXvX-9GX3uF-fQ6SFV-2aYbqY-fJgbRR-hdkNdC-61uS9q-gHvCn-e6UFH-6yFpCF-4DckGK-6DoGwg-3jMuas-ecfaB2-ajzYoU-dCEzab-dTCnNJ-o78v6A-5jLrwn-kCvi7o-o6M63A-8PpLq8-8pAuYw-2NZCYM-4F36KS
0096.jpg,downpour at gate 4,Joel Kramer,https://creativecommons.org/licenses/by/2.0/,No Changes,https://www.flickr.com/photos/75001512@N00/6117536248/in/photolist-6DoGwg-3jMuas-ecfaB2-ajzYoU-dCEzab-dTCnNJ-o78v6A-5jLrwn-kCvi7o-o6M63A-8PpLq8-8pAuYw-2NZCYM-4F36KS-osDkMq-8VFYdV-8fe2D2-hAZNK-kLpMQ8-9mkaJN-9yxwy5-avEBzo-6EXF2X-963G1q-fQonif-fiWdVH-9XYH6v-6pBkZC-5XWM6g-6mszP2-9HLprD-nFxfvq-2PJKEo-eP8a3a-9PcHaN-pmkP4N-exBKEW-8HXBJF-dFZt6R-bJMre6-9462zV-67sG1-2zGQCx-bAvvZc-a9Q5xB-JMvVyV-LnBqF-9JHpxp-c8j7c3-8rPvNd
0097.jpg,Rain on a Street,chrismetcalfTV,https://creativecommons.org/licenses/by/2.0/,No Changes,https://www.flickr.com/photos/laffy4k/187892203/in/photolist-hAZNK-kLpMQ8-9mkaJN-9yxwy5-avEBzo-6EXF2X-963G1q-fQonif-fiWdVH-9XYH6v-6pBkZC-5XWM6g-6mszP2-9HLprD-nFxfvq-2PJKEo-eP8a3a-9PcHaN-pmkP4N-exBKEW-8HXBJF-dFZt6R-bJMre6-9462zV-67sG1-2zGQCx-bAvvZc-a9Q5xB-JMvVyV-LnBqF-9JHpxp-c8j7c3-8rPvNd-QMTznW-KnCUz-iXaq2i-EkXe9-4z5Cs8-bKCKAx-einrAZ-ebD9tM-o6eVN-aBo9a2-fbxLcz-XUXR2-aBqMzQ-i5WLY-eiNh84-2fhoDp-aBqNaA
0098.jpg,India - Udaipur - 016 - Monsoon rains on Pichola Lake,McKay Savage,https://creativecommons.org/licenses/by/2.0/,No Changes,https://www.flickr.com/photos/mckaysavage/1037769207/in/photolist-2zGQCx-bAvvZc-a9Q5xB-JMvVyV-LnBqF-9JHpxp-c8j7c3-8rPvNd-QMTznW-KnCUz-iXaq2i-EkXe9-4z5Cs8-bKCKAx-einrAZ-ebD9tM-o6eVN-aBo9a2-fbxLcz-XUXR2-aBqMzQ-i5WLY-eiNh84-2fhoDp-aBqNaA-pwhjum-4z5za8-4z9Pzq-fDXJRN-5ku4nu-91oMxT-65H6x-8qu9JK-jyDTuD-76U8gq-6D8vnV-8rc8un-9DdWV-bWADaa-9Xznqj-a23d2P-8kXrNj-afXjmb-6JvWh7-nCfpEM-deYe1x-arQ7Xs-6CKbbb-bUUjMd-8tSrxT
0099.jpg,Umbrellas,Joe,https://creativecommons.org/licenses/by-nc-nd/2.0/,No Changes,https://www.flickr.com/photos/cmdrgravy/632740967/in/photolist-XUXR2-aBqMzQ-i5WLY-eiNh84-2fhoDp-aBqNaA-pwhjum-4z5za8-4z9Pzq-fDXJRN-5ku4nu-91oMxT-65H6x-8qu9JK-jyDTuD-76U8gq-6D8vnV-8rc8un-9DdWV-bWADaa-9Xznqj-a23d2P-8kXrNj-afXjmb-6JvWh7-nCfpEM-deYe1x-arQ7Xs-6CKbbb-bUUjMd-8tSrxT-pbPy44-b7dLpV-74qK9B-cVyweG-niZpdr-hAU5dY-89yXoB-9Dewh-fQoCL7-6UbPnN-9cMfSY-6Z7Es7-d9Vkh9-Ch3cox-5hWqVq-3NG8s9-9kWQmM-a4ZfCu-6CZeWR
0100.jpg,Downpour on Bridge Street,Alistair Young,https://creativecommons.org/licenses/by/2.0/,No Changes,https://www.flickr.com/photos/ajy/817985681/in/photolist-2fhoDp-aBqNaA-pwhjum-4z5za8-4z9Pzq-fDXJRN-5ku4nu-91oMxT-65H6x-8qu9JK-jyDTuD-76U8gq-6D8vnV-8rc8un-9DdWV-bWADaa-9Xznqj-a23d2P-8kXrNj-afXjmb-6JvWh7-nCfpEM-deYe1x-arQ7Xs-6CKbbb-bUUjMd-8tSrxT-pbPy44-b7dLpV-74qK9B-cVyweG-niZpdr-hAU5dY-89yXoB-9Dewh-fQoCL7-6UbPnN-9cMfSY-6Z7Es7-d9Vkh9-Ch3cox-5hWqVq-3NG8s9-9kWQmM-a4ZfCu-6CZeWR-89fF2d-9DduN-9PqTNg-fQorfs
0101.jpg,A torrential downpour - Assisi, province of Perugia,Glen Bowman,https://creativecommons.org/licenses/by-sa/2.0/,No Changes,https://www.flickr.com/photos/glenbowman/3976917935/in/photolist-74qK9B-cVyweG-niZpdr-hAU5dY-89yXoB-9Dewh-fQoCL7-6UbPnN-9cMfSY-6Z7Es7-d9Vkh9-Ch3cox-5hWqVq-3NG8s9-9kWQmM-a4ZfCu-6CZeWR-89fF2d-9DduN-9PqTNg-fQorfs-95VRun-9TgYNq-cjghqm-f528cv-7w8VjZ-2fhvyZ-8qpbir-47EooP-8iGKPq-CjSJXu-bjdxXF-38eiE-8N4i8f-ox38wf-JdJyHD-dRkZcf-7bSKGD-hv3YL-Hgr9j-751xgc-M99GZ-aQGCfR-96ve8e-8ttGiF-9PcHb1-8C1oor-9PwVPj-9Y2BFG-9ie9ic
0102.jpg,Torrential rain, Jersey City, NJ, 7/26/09 - 2 of 4,Rob DiCaterino,https://creativecommons.org/licenses/by/2.0/,No Changes,https://www.flickr.com/photos/goodrob13/3928124130/in/photolist-fQoCL7-6UbPnN-9cMfSY-6Z7Es7-d9Vkh9-Ch3cox-5hWqVq-3NG8s9-9kWQmM-a4ZfCu-6CZeWR-89fF2d-9DduN-9PqTNg-fQorfs-95VRun-9TgYNq-cjghqm-f528cv-7w8VjZ-2fhvyZ-8qpbir-47EooP-8iGKPq-CjSJXu-bjdxXF-38eiE-8N4i8f-ox38wf-JdJyHD-dRkZcf-7bSKGD-hv3YL-Hgr9j-751xgc-M99GZ-aQGCfR-96ve8e-8ttGiF-9PcHb1-8C1oor-9PwVPj-9Y2BFG-9ie9ic-7DtJHd-mCV4LZ-kf91V-cH3bRo-5c1pL2-8uxpcf
0103.jpg,rain & taxi,tristam sparks,https://creativecommons.org/licenses/by-nc-nd/2.0/,No Changes,https://www.flickr.com/photos/friendly-fire/2044458867/in/photolist-47EooP-8iGKPq-CjSJXu-bjdxXF-38eiE-8N4i8f-ox38wf-JdJyHD-dRkZcf-7bSKGD-hv3YL-Hgr9j-751xgc-M99GZ-aQGCfR-96ve8e-8ttGiF-9PcHb1-8C1oor-9PwVPj-9Y2BFG-9ie9ic-7DtJHd-mCV4LZ-kf91V-cH3bRo-5c1pL2-8uxpcf-fDF9jt-7HhqyY-iXaqBr-fip3sT-fDJRpV-9AXhUn-cgiir5-7MWvRf-4z9TJL-cERmoJ-ddYajW-aBqMVA-9w6V5-ejacB-PvBwxL-aBqN61-4z9RyY-aBo8Hx-bBoCvb-epjY3q-dyzPiz-R9XfJk
0104.jpg,IMG_0310,WS25.19,https://creativecommons.org/licenses/by-nc-nd/2.0/,No Changes,https://www.flickr.com/photos/leileiky/8434689048/in/photolist-dRkZcf-7bSKGD-hv3YL-Hgr9j-751xgc-M99GZ-aQGCfR-96ve8e-8ttGiF-9PcHb1-8C1oor-9PwVPj-9Y2BFG-9ie9ic-7DtJHd-mCV4LZ-kf91V-cH3bRo-5c1pL2-8uxpcf-fDF9jt-7HhqyY-iXaqBr-fip3sT-fDJRpV-9AXhUn-cgiir5-7MWvRf-4z9TJL-cERmoJ-ddYajW-aBqMVA-9w6V5-ejacB-PvBwxL-aBqN61-4z9RyY-aBo8Hx-bBoCvb-epjY3q-dyzPiz-R9XfJk-aBo8ut-4ehqbf-gYSXKf-fQoGeQ-nAvmpu-C3WS2-eirh3s-7SYcqj
0105.jpg,Comfort Inn, Abingdon, VA,Eli Christman,https://creativecommons.org/licenses/by/2.0/,No Changes,https://www.flickr.com/photos/gammaman/11782311135/in/photolist-iXaqBr-fip3sT-fDJRpV-9AXhUn-cgiir5-7MWvRf-4z9TJL-cERmoJ-ddYajW-aBqMVA-9w6V5-ejacB-PvBwxL-aBqN61-4z9RyY-aBo8Hx-bBoCvb-epjY3q-dyzPiz-R9XfJk-aBo8ut-4ehqbf-gYSXKf-fQoGeQ-nAvmpu-C3WS2-eirh3s-7SYcqj-9Pzkru-9PTa1x-eikwRa-wYPUh-waqFC-nQJFSq-3RUShd-4CuVVH-79cBcz-4Ke6BD-8uD7uU-9463vr-nLtegZ-qyCrou-4hes2E-pfuBj-JJs7t-bL8XPc-9G7N5c-8iwqqN-8tSGyv-a1KZni
0106.jpg,IMG_6485,Danielle Chang,https://creativecommons.org/licenses/by-nc-nd/2.0/,No Changes,https://www.flickr.com/photos/danielle-chang/5285787627/in/photolist-9463vr-nLtegZ-qyCrou-4hes2E-pfuBj-JJs7t-bL8XPc-9G7N5c-8iwqqN-8tSGyv-a1KZni-9PcHad-f7JJbN-dbf32z-9Y2BDb-hhYVRA-eirgHY-9Pzgh1-4K2bvc-7Todef-fD7B5W-g1f9w-8k5XfH-dgpTMy-9U7p6w-f52aH2-74k14y-cFdn3J-9PwxS8-f528Pc-eqS35m-4q9d3X-31RucK-byt24j-6vT5ez-nyHjBL-7ATgfZ-c9VSQ9-dDwCzP-6rp4jN-8uckyA-j8Ths-qr5pEG-oeNuxX-87DeH3-2wBeKq-kjMUy-exChxY-hoWZzz-8XF2SW
0107.jpg,the rain pours down...,Steven Lee,https://creativecommons.org/licenses/by-nc-nd/2.0/,No Changes,https://www.flickr.com/photos/steveleenow/483575375/in/photolist-JJs7t-bL8XPc-9G7N5c-8iwqqN-8tSGyv-a1KZni-9PcHad-f7JJbN-dbf32z-9Y2BDb-hhYVRA-eirgHY-9Pzgh1-4K2bvc-7Todef-fD7B5W-g1f9w-8k5XfH-dgpTMy-9U7p6w-f52aH2-74k14y-cFdn3J-9PwxS8-f528Pc-eqS35m-4q9d3X-31RucK-byt24j-6vT5ez-nyHjBL-7ATgfZ-c9VSQ9-dDwCzP-6rp4jN-8uckyA-j8Ths-qr5pEG-oeNuxX-87DeH3-2wBeKq-kjMUy-exChxY-hoWZzz-8XF2SW-624MR1-6RHFGh-3NG8sq-g8X8ac-4Uhi2G
0108.jpg,Is it raining or what?,lucianvenutian,https://creativecommons.org/licenses/by-sa/2.0/,No Changes,https://www.flickr.com/photos/lucianvenutian/636223822/in/photolist-YdPbf-rr2UX-5axwfM-4Czbah-aBo7mg-9uG7Ro-aBo8AB-ayoRZU-XZitL-9PzqZw-2nFwzc-cbgL4S-aBo7TD-8hs6RF-rakWh-29khuo-oST4n9-PX5iEi-pw5G1k-4z5DiH-bnJcu-4ykAMs-aBo7bV-VYYJR-9GUkYw-7juFgM-8d14cw-cqyXDu-habHp-8tSNEc-iqq1tF-4EFpN1-fQ71GD-4CuW2K-gYSXop-4TspCa-R8XugN-4H6fr-7pt2mV-38S8om-9ZSUmA-cytJQA-JMvCXi-98Gv8R-76mZiB-6HEPk4-nr3E2u-cztnxN-famEGg-bHFsta
0109.jpg,IMG_1419.JPG,Mike Carney,https://creativecommons.org/licenses/by-nc-nd/2.0/,No Changes,https://www.flickr.com/photos/88933162@N00/287796635/in/photolist-rr2UX-5axwfM-4Czbah-aBo7mg-9uG7Ro-aBo8AB-ayoRZU-XZitL-9PzqZw-2nFwzc-cbgL4S-aBo7TD-8hs6RF-rakWh-29khuo-oST4n9-PX5iEi-pw5G1k-4z5DiH-bnJcu-4ykAMs-aBo7bV-VYYJR-9GUkYw-7juFgM-8d14cw-cqyXDu-habHp-8tSNEc-iqq1tF-4EFpN1-fQ71GD-4CuW2K-gYSXop-4TspCa-R8XugN-4H6fr-7pt2mV-38S8om-9ZSUmA-cytJQA-JMvCXi-98Gv8R-76mZiB-6HEPk4-nr3E2u-cztnxN-famEGg-bHFsta-fQov1s
0110.jpg,Torrential,Joe,https://creativecommons.org/licenses/by-nc-nd/2.0/,No Changes,https://www.flickr.com/photos/cmdrgravy/633587462/in/photolist-XZitL-9PzqZw-2nFwzc-cbgL4S-aBo7TD-8hs6RF-rakWh-29khuo-oST4n9-PX5iEi-pw5G1k-4z5DiH-bnJcu-4ykAMs-aBo7bV-VYYJR-9GUkYw-7juFgM-8d14cw-cqyXDu-habHp-8tSNEc-iqq1tF-4EFpN1-fQ71GD-4CuW2K-gYSXop-4TspCa-R8XugN-4H6fr-7pt2mV-38S8om-9ZSUmA-cytJQA-JMvCXi-98Gv8R-76mZiB-6HEPk4-nr3E2u-cztnxN-famEGg-bHFsta-fQov1s-pg8ue3-fQ75An-asrQF7-8UVoUJ-9496Y9-2Yw1r1-fQ73KX
0111.jpg,Downpour in New Cross,Christopher Phin,https://creativecommons.org/licenses/by-nc/2.0/,No Changes,https://www.flickr.com/photos/phinphonephotos/41966737/in/photolist-4H6fr-7pt2mV-38S8om-9ZSUmA-cytJQA-JMvCXi-98Gv8R-76mZiB-6HEPk4-nr3E2u-cztnxN-famEGg-bHFsta-fQov1s-pg8ue3-fQ75An-asrQF7-8UVoUJ-9496Y9-2Yw1r1-fQ73KX-9PcH9S-4P2PNv-76fikK-f1YY14-exCdsN-idXhhY-VhA7F-ptxVB3-6QtVhA-AwPVG-9DdPY-6geed2-spevFd-dNT3B5-oBTEgj-7bEqGN-atrcrw-nkMdJ3-pbfpm3-2fmUbS-5wM2wN-6HobXb-9PwC4x-ckqWHU-aNwYtn-2RPiVL-ddK5Gs-6qXCnp-dvosVa
0112.jpg,Stranded Inside CVS during downpour,Erin,https://creativecommons.org/licenses/by-nd/2.0/,No Changes,https://www.flickr.com/photos/34805127@N02/9294875623/in/photolist-famEGg-bHFsta-fQov1s-pg8ue3-fQ75An-asrQF7-8UVoUJ-9496Y9-2Yw1r1-fQ73KX-9PcH9S-4P2PNv-76fikK-f1YY14-exCdsN-idXhhY-VhA7F-ptxVB3-6QtVhA-AwPVG-9DdPY-6geed2-spevFd-dNT3B5-oBTEgj-7bEqGN-atrcrw-nkMdJ3-pbfpm3-2fmUbS-5wM2wN-6HobXb-9PwC4x-ckqWHU-aNwYtn-2RPiVL-ddK5Gs-6qXCnp-dvosVa-dttf9s-8v2yq6-6BQgLE-nGDMSY-eusHf-cCEM6u-bVN282-bT1dLP-7rkKWj-fQ6T6r-xTEh4H
0113.jpg,Downpour on Bridge Street,Alistair Young,https://creativecommons.org/licenses/by/2.0/,No Changes,https://www.flickr.com/photos/ajy/818865510/in/photolist-2fmUbS-5wM2wN-6HobXb-9PwC4x-ckqWHU-aNwYtn-2RPiVL-ddK5Gs-6qXCnp-dvosVa-dttf9s-8v2yq6-6BQgLE-nGDMSY-eusHf-cCEM6u-bVN282-bT1dLP-7rkKWj-fQ6T6r-xTEh4H-byt2h9-fhk6et-9B1Le9-4FXvkj-a5wnjU-9s921J-aBqNzs-RzAnUe-ptxXAy-ffenKR-ao5yka-aBo8qK-4z9UtC-FVypb1-6JoiBQ-VYwPg-4Z4gs6-VYHWz-4wTvMK-aSgnf-nCR6pa-7MWvzq-cfw6DY-a1cEiQ-6Z7EoS-9VXuq6-aBqMgL-eebK9n-2fmYBd
0114.jpg,Downpour on Bridge Street,Alistair Young,https://creativecommons.org/licenses/by/2.0/,No Changes,https://www.flickr.com/photos/ajy/818880378/in/photolist-2fmYBd-74mH5x-5jDgoq-b2McB-DXYUJS-7YyGDh-8tVQMY-6gnhJJ-os8Guy-eHz22x-aTdKFk-fbN25G-qvoERr-9462HZ-a4u9Sw-aq9bxg-7rkMgd-8MHyGY-6Kcuj1-9B1btA-7rVkZu-fhCSt1-7juE3k-7Jn4GB-9PwwLg-bJMsvk-54Ca2Y-76mZh6-8zqBUd-9Yxxjb-9kVbLX-81Q4Us-QSLX-oa9nUY-f527x8-oPw3R-6JxhEg-2igMhk-94976s-9AXi2a-29YqE6-fwrvMq-f52a7D-6rp5Lj-6Uu4oY-dHUsma-f52aBp-fQom89-b36tz-nJ2p9Y
0115.jpg,IMG_6459,Danielle Chang,https://creativecommons.org/licenses/by-nc-nd/2.0/,No Changes,https://www.flickr.com/photos/danielle-chang/5285784991/in/photolist-9462HZ-a4u9Sw-aq9bxg-7rkMgd-8MHyGY-6Kcuj1-9B1btA-7rVkZu-fhCSt1-7juE3k-7Jn4GB-9PwwLg-bJMsvk-54Ca2Y-76mZh6-8zqBUd-9Yxxjb-9kVbLX-81Q4Us-QSLX-oa9nUY-f527x8-oPw3R-6JxhEg-2igMhk-94976s-9AXi2a-29YqE6-fwrvMq-f52a7D-6rp5Lj-6Uu4oY-dHUsma-f52aBp-fQom89-b36tz-nJ2p9Y-4qw4tQ-4xGp4S-oGCL6p-9oHpK-oLmYgX-6wH8tD-fDYq3S-6ZcwDy-7RxeyS-eRUiQv-74uD4u-4JQwep-7ReAc8
0116.jpg,RAIN36,Kevin Beaty,https://creativecommons.org/licenses/by-nc/2.0/,No Changes,https://www.flickr.com/photos/kevinjbeaty/9733356859/in/photolist-8zqBUd-9Yxxjb-9kVbLX-81Q4Us-QSLX-oa9nUY-f527x8-oPw3R-6JxhEg-2igMhk-94976s-9AXi2a-29YqE6-fwrvMq-f52a7D-6rp5Lj-6Uu4oY-dHUsma-f52aBp-fQom89-b36tz-nJ2p9Y-4qw4tQ-4xGp4S-oGCL6p-9oHpK-oLmYgX-6wH8tD-fDYq3S-6ZcwDy-7RxeyS-eRUiQv-74uD4u-4JQwep-7ReAc8-pMeWG7-vagQbn-7dmCJj-oKYTxR-fbxKP6-2ykQJY-6JVNRL-9RDGvT-4faiQ9-8tVtzy-4Qz15d-mPnL41-ogzosG-fQ6ZTz-74qLze
0117.jpg,Cats and dogs,Jason Cooper,https://creativecommons.org/licenses/by-nc/2.0/,No Changes,https://www.flickr.com/photos/jasoncooper/2657158672/in/photolist-53NCGy-9nDVr8-6vfYod-f527yp-59Sem1-6VDgrW-de48k8-e16vsh-6PUoU3-83hwXw-NcF6f-2fhsbD-bQuKuF-2vN14-w7EdP-8k63Ew-aF3Edv-8EMCMV-96jf3j-9ZDjt4-8J1JxW-39rnCy-6ofgkp-dy1R3G-9651FB-33NH1-wKRMD-bV88kP-76mZit-Zk4M-oVNdXA-aDyRdk-fbxLjc-59NK2i-ooitTD-aoFWYc-7zzRfu-Toyiq-8R5czs-8tVEDu-ep1QuL-9eGHFR-fNHKbg-a4p64A-8bgaJm-7ih78Z-9PziBQ-fQonGW-4LduS1-njfgLK
0118.jpg,Caught in a downpour,shrinkin'violet,https://creativecommons.org/licenses/by/2.0/,No Changes,https://www.flickr.com/photos/samuir/8024005657/in/photolist-de48k8-e16vsh-6PUoU3-83hwXw-NcF6f-2fhsbD-bQuKuF-2vN14-w7EdP-8k63Ew-aF3Edv-8EMCMV-96jf3j-9ZDjt4-8J1JxW-39rnCy-6ofgkp-dy1R3G-9651FB-33NH1-wKRMD-bV88kP-76mZit-Zk4M-oVNdXA-aDyRdk-fbxLjc-59NK2i-ooitTD-aoFWYc-7zzRfu-Toyiq-8R5czs-8tVEDu-ep1QuL-9eGHFR-fNHKbg-a4p64A-8bgaJm-7ih78Z-9PziBQ-fQonGW-4LduS1-njfgLK-9G6pkL-8kUd2i-7XHPXo-9DdfW-74qNLe-6vZHVb
0119.jpg,In The Street,John-Paul Verkamp,https://creativecommons.org/licenses/by-nc-nd/2.0/,No Changes,https://www.flickr.com/photos/jpverkamp/7019982245/in/photolist-bGkf9D-47oCEi-6YEPp9-fTJGzR-27oeP-4Cyy5e-rT6jRM-bVq5sJ-R3Zin-7bYPeS-4ZR4hw-5hVj77-fEZNUs-cFep6w-6BoTjr-fQomAS-f5288k-9LUwc6-6VZZSp-8J1J41-7hpqnt-bMCt9x-5zkyym-he1VNi-dMvsS9-8NHSJq-6Z7EFh-7dFFYb-fgkc4s-fQ6V2g-dqcacJ-7YyGJo-8vsfZD-kq3byk-iJpa7-eirgCf-MtBo9H-9rcV6p-dQw2XM-cFh7r1-7MSwhD-SV6VYN-9uPgrh-RSmpL6-9GENfF-ACcim-8uJ89X-9MZkML-dnqGd9-4CH6bB
0120.jpg,RAIN09,Kevin Beaty,https://creativecommons.org/licenses/by-nc/2.0/,No Changes,https://www.flickr.com/photos/kevinjbeaty/9736548326/in/photolist-fQomAS-f5288k-9LUwc6-6VZZSp-8J1J41-7hpqnt-bMCt9x-5zkyym-he1VNi-dMvsS9-8NHSJq-6Z7EFh-7dFFYb-fgkc4s-fQ6V2g-dqcacJ-7YyGJo-8vsfZD-kq3byk-iJpa7-eirgCf-MtBo9H-9rcV6p-dQw2XM-cFh7r1-7MSwhD-SV6VYN-9uPgrh-RSmpL6-9GENfF-ACcim-8uJ89X-9MZkML-dnqGd9-4CH6bB-oSTz9-5sZiHo-nyhmRY-rpdh5Y-f529vt-47tzC-nCw5hg-eDobuZ-U3nGJ-6rp54A-4DgpTu-7pR7ez-9fxoxM-9fAAos-kf8Zc
0121.jpg,Downpour in the Parade,Jamie Moore,https://creativecommons.org/licenses/by-nd/2.0/,No Changes,https://www.flickr.com/photos/ketmonkey/588924398/in/photolist-BFmApM-6iwR59-mPkxVX-8PsRid-755n8d-6Lkew5-7cgYEq-Tokwi-8sMc21-6yKrkU-6HUc-fQokTm-78qMZC-cL8pas-gwuKMr-4CzasQ-5kar8z-JEDR8T-f9fk2x-axEK4r-9PwBqP-7gZBdK-cFLjUm-U3oGW-9PzpLb-qkXSc-6Z3Ect-AD6KwR-a4u5KW-eFJWv-JmYQJ7-dg6ikP-8w2S4S-nUiMF5-LPxdxE-QHREw-jHLxLx-52ftLr-3agC2h-22MjLm-fApLP4-5jDcAY-As4XV-eJFC4S-bkV3ez-aLSi4B-6hJREK-3ddZHo-6HUgsY-4CuUZT
0122.jpg,Torrential rain causes ponding (flooding) in parts of Toronto,Canadian Pacific,https://creativecommons.org/licenses/by-nc/2.0/,No Changes,https://www.flickr.com/photos/18378305@N00/14261703987/in/photolist-nJfXJ4-8G57R7-cRxEum-ePzp3w-hd4y9-2FHMw2-dHvzoK-rakWh-cVCuqq-cH6QJY-52Vvx8-iX6ogJ-nrjbc9-9gkbfi-JPA2d-nrjrbV-rDZDY-4wTvMK-afy4V7-Lz78v-9hnoz5-cRxDQf-cVCu1f-coResW-6JokSY-8vD5mA-52Vvsi-o9T3qr-8sawNk-JXUU9V-afy52J-nHLFG7-9hXsQh-tYMv3-6a6PkL-Va3Qr-8qY8sK-5UhzbB-nJLvTX-NjMC7-kUdgP-9SnZ9t-dVjbRM-dmRKvR-7f21Zh-SQrDS5-cVCt9f-53NCGy-iRCF4W-eXUpjt
0123.jpg,Madrid / Espana: Torrential rain,wwwuppertal,https://creativecommons.org/licenses/by-nc/2.0/,No Changes,https://www.flickr.com/photos/wwwuppertal/14267470457/in/photolist-nJLvTX-NjMC7-kUdgP-9SnZ9t-dVjbRM-dmRKvR-7f21Zh-SQrDS5-cVCt9f-53NCGy-iRCF4W-eXUpjt-iXMos-acRpSU-6us4Fb-afxSLq-7xFXC9-65eFDc-nrj34V-5sbvCg-9YhodE-afy5eo-4Hhtas-afxWsE-r6TF52-dsHGSp-oJeYwK-iXLSC-pFRWMP-96Fgos-aeioyv-9NG9gP-avfbtr-9Co5pV-fnMCwN-fr4Bxp-BiMaZ-4u3hxX-2wZQQX-bDhyxQ-96ECy8-cfDaz-7TQnwz-9Vem7m-hvoJdg-9M2WW4-8AzWVt-9mTAfu-nJwRY2-93DCG3
0124.jpg,110530-20092-LX3.jpg,hopeless128,https://creativecommons.org/licenses/by-nc-nd/2.0/,No Changes,https://www.flickr.com/photos/hopeless128/5853232536/in/photolist-9Vem7m-hvoJdg-9M2WW4-8AzWVt-9mTAfu-nJwRY2-93DCG3-dsej9J-gRLa8o-b4Hvoc-NgzBq-ehW18H-aBo7Gi-cxu65W-eCMwCn-mjdn3K-2siwmH-21kUji-j7tpTS-dHBxyA-wrkcJ-5AazaF-q8B2yr-8qY8Fa-9McAR9-Cx59t7-nrjnVg-pFXgH5-5r9yV6-5AeS8E-csyF2L-oJeXHv-7zf74g-8QTDp-gRXfRy-nrjnpM-cAo5A3-5b2LrP-5AazHM-cVCtB3-e6Rsf9-v36Kwd-gRXfFz-CYgVRf-Kgp94m-66im9x-9vhdps-nrjdDo-6TW9hA-emTNtV
0125.jpg,Cabs in the torrential rain,Shiraz Chakera,https://creativecommons.org/licenses/by-sa/2.0/,No Changes,https://www.flickr.com/photos/shirazc/2738936657/in/photolist-5b2LrP-5AazHM-cVCtB3-e6Rsf9-v36Kwd-gRXfFz-CYgVRf-Kgp94m-66im9x-9vhdps-nrjdDo-6TW9hA-emTNtV-eTVzzJ-6yttQu-nJfUoM-bCrKWY-h4JGBr-b4Jjye-69uefP-qXtaDp-oqdr4c-HcoMrY-pZNJiG-pWc3bj-6tmYhE-cx8JWb-cyXCkm-7X2jDj-gDpadr-8qujdL-d2HUkL-8qrbMR-cRxEjf-bBFWAS-cZzZTG-fa5Ev-4r5NhU-cPbS5q-j4o9aW-7Lvxty-dez5v6-BVBmWK-cuQ85W-6AMGne-qFay1P-5Aaz6k-cyXCuS-cPbS15-5AazCD
0126.jpg,57 601,Hugh Llewelyn,https://creativecommons.org/licenses/by-sa/2.0/,No Changes,https://www.flickr.com/photos/camperdown/5582196048/in/photolist-5AazHM-cVCtB3-e6Rsf9-v36Kwd-gRXfFz-CYgVRf-Kgp94m-66im9x-9vhdps-nrjdDo-6TW9hA-emTNtV-eTVzzJ-6yttQu-nJfUoM-bCrKWY-h4JGBr-b4Jjye-69uefP-qXtaDp-oqdr4c-HcoMrY-pZNJiG-pWc3bj-6tmYhE-cx8JWb-cyXCkm-7X2jDj-gDpadr-8qujdL-d2HUkL-8qrbMR-cRxEjf-bBFWAS-cZzZTG-fa5Ev-4r5NhU-cPbS5q-j4o9aW-7Lvxty-dez5v6-BVBmWK-cuQ85W-6AMGne-qFay1P-5Aaz6k-cyXCuS-cPbS15-5AazCD-qVjTAq
0127.jpg,Now even the sidewalk is starting to flood,Canadian Pacific,https://creativecommons.org/licenses/by-nc/2.0/,No Changes,https://www.flickr.com/photos/18378305@N00/14425022566/in/photolist-8NLrWz-dez3Th-6tmYnC-7uwZ3D-9Ahut4-qF3o23-5kVTJM-6Fzft7-vhHUr-iXNr3-nHLKJ5-73ddVg-7iVUVn-nYG1DC-cPbRV1-nrjqe4-bDhypm-qFcdSn-zDNGw-oqXe7b-afy58Q-oq7wsV-69uejD-cVCuR7-aRLuog-orCpG6-cYrLt9-bP9PKe-4FuieJ-zDNou-hgAx7g-5qQRK2-5AeRZ1-4S745J-5Aazya-oo9sTu-iF4L1z-4cjJNh-oUin5y-dGdqzw-EEJQQ-unF4Ly-Boo9Pv-oG3iDi-dHAZzU-88adCs-is6zN2-9dU6T-nrj1RV-eysJnk
0128.jpg,Torrential Rain - 1,Neil R,https://creativecommons.org/licenses/by-nc/2.0/,No Changes,https://www.flickr.com/photos/islespunkfan/7753918790/in/photolist-8NLrWz-dez3Th-6tmYnC-7uwZ3D-9Ahut4-qF3o23-5kVTJM-6Fzft7-vhHUr-iXNr3-nHLKJ5-73ddVg-7iVUVn-nYG1DC-cPbRV1-nrjqe4-bDhypm-qFcdSn-zDNGw-oqXe7b-afy58Q-oq7wsV-69uejD-cVCuR7-aRLuog-orCpG6-cYrLt9-bP9PKe-4FuieJ-zDNou-hgAx7g-5qQRK2-5AeRZ1-4S745J-5Aazya-oo9sTu-iF4L1z-4cjJNh-oUin5y-dGdqzw-EEJQQ-unF4Ly-Boo9Pv-oG3iDi-dHAZzU-88adCs-is6zN2-9dU6T-nrj1RV-eysJnk
0129.jpg,torrential rains today, complete with lighting and loud thunder,naturalflow,https://creativecommons.org/licenses/by-sa/2.0/,No Changes,https://www.flickr.com/photos/vizpix/14729865025/in/photolist-8NLrWz-dez3Th-6tmYnC-7uwZ3D-9Ahut4-qF3o23-5kVTJM-6Fzft7-vhHUr-iXNr3-nHLKJ5-73ddVg-7iVUVn-nYG1DC-cPbRV1-nrjqe4-bDhypm-qFcdSn-zDNGw-oqXe7b-afy58Q-oq7wsV-69uejD-cVCuR7-aRLuog-orCpG6-cYrLt9-bP9PKe-4FuieJ-zDNou-hgAx7g-5qQRK2-5AeRZ1-4S745J-5Aazya-oo9sTu-iF4L1z-4cjJNh-oUin5y-dGdqzw-EEJQQ-unF4Ly-Boo9Pv-oG3iDi-dHAZzU-88adCs-is6zN2-9dU6T-nrj1RV-eysJnk
0130.jpg,Downpour in Marilia,Francisco Martins,https://creativecommons.org/licenses/by-nc/2.0/,No Changes,https://www.flickr.com/photos/betta_design/2415934768/in/photolist-8NLrWz-dez3Th-6tmYnC-7uwZ3D-9Ahut4-qF3o23-5kVTJM-6Fzft7-vhHUr-iXNr3-nHLKJ5-73ddVg-7iVUVn-nYG1DC-cPbRV1-nrjqe4-bDhypm-qFcdSn-zDNGw-oqXe7b-afy58Q-oq7wsV-69uejD-cVCuR7-aRLuog-orCpG6-cYrLt9-bP9PKe-4FuieJ-zDNou-hgAx7g-5qQRK2-5AeRZ1-4S745J-5Aazya-oo9sTu-iF4L1z-4cjJNh-oUin5y-dGdqzw-EEJQQ-unF4Ly-Boo9Pv-oG3iDi-dHAZzU-88adCs-is6zN2-9dU6T-nrj1RV-eysJnk
0131.jpg,DSC00584.JPG,Reyhan Dhuny,https://creativecommons.org/licenses/by-nc/2.0/,No Changes,https://www.flickr.com/photos/reyhan/839536171/in/photolist-2hbQRz-8ApaE4-ofHgQu-83jdGn-5bH4sm-fCMCcq-pZ1yDU-6V64NL-aiUFBH-kdLCX-6WbEw4-8v8YeE-dsHGXp-hexJR8-2SYe3U-oqXf5U-9zb9HU-aBo9a2-aBqMzQ-aBqNaA-bpQZ9d-77fBLc-eP5CkZ-nciR8W-naezqW-naeym6-ncjca9-aBqMVA-naefto-nchiZ4-9VeqHC-sjuS7J-26pB8Y-iQw5ZG-aBqN61-aBo8Hx-EBucie-cPWpyN-7DpWm6-ePh2No-6Z7EoS-8oDfr9-6bsv77-aBo8ut-nch49e-eP5Bft-nch3Et-naeeV9-sjCiBX-ncgXoz
0132.jpg,Rainfall,Tjflex2,https://creativecommons.org/licenses/by-nc-nd/2.0/,No Changes,https://www.flickr.com/photos/tjflex/2844408929/in/photolist-5kmkFg-4MZ8WF-5vvXCP-6Zc4Wo-S99bEg-6zDea4-dDBKQ7-S1kCN4-Sr2FYh-5vAgxo-S5d8b7-UB68YE-TPe8AD-ejCr4V-oosQp-4A4ikb-g6Hwj-7D8Nkx-6q7S9e-5fgfQE-f1XWXe-gvcauZ-59dMqj-BvEot-7JAXyG-7bG5VT-6yQ35K-5VbKC-6Z1ELw-caCErL-8DoGRH-8xYWoC-TB1fQj-iYecRG-z9Crn-fnJR3z-8Fup1y-nRk9Ti-ezWgfB-9sTh44-fom15q-nWvXoQ-5xeZix-536Azv-8gXaP7-7PRoZz-8puoks-m8L65-gvbmc4-j5fS9V
0133.jpg,4 - Lluvias Puerto de la Cruz (07/11/2012),Alejandro Amador,https://creativecommons.org/licenses/by-nc-nd/2.0/,No Changes,https://www.flickr.com/photos/alejandroamador/8163678930/in/photolist-droZk1-oSrbU4-dqwVhj-dqwMGx-dqwMXg-dhH8Sd-2CYdFL-2CTWUz-6YBVP8-2CYi5q-2CUbwz-2CYrWW-2CYwEq-iEDXo-2F7wMg-cAL1CU-c3G6pd-7gPU95-3nnULr-4FuieJ-61xD5b-7gPxZY-7gKqXg-dqwLWV-7gKWBk-QDFMR9-7gL8fa-RxDZES-gUx9Mu-RmAVu5-wajvGm-brwU1J-dqwVyo-7gQ477-7gKPyZ-ayfnQa-qaitDC-e9U13W-fxKoQP-e9NjDp-5sH4be-edDCXe-mfHxng-nDJcLh-9aQXe7-d2Rrvw-dqwLFZ-7gKFcT-QDFPfb-7gKC78
0134.jpg,Rainy Street,chrismetcalfTV,https://creativecommons.org/licenses/by/2.0/,No Changes,https://www.flickr.com/photos/laffy4k/155406169
0135.jpg,Ciclovía con "palazo de agua",Claudio Olivares Medina,https://creativecommons.org/licenses/by-nc-nd/2.0/,No Changes,https://www.flickr.com/photos/quiltro/8689361637/in/photolist-HqcsXo-bJyifc-baMSjB-8dh52E-7HjkEj-6YBWf4-dsETc7-eeRftX-9zgF5X-52G4fu-9kxJDw-6YFY97-7y15Kv-bMWavz-Dpcwq-8UFW55-aFiXMJ-iUy4rw-dtZFPp-qAWi3K-nrT2w-bi9BJk-aiViZz-pVnKdM-ntVYco-vGbRw-ALRJc-9bhXgc-dtZEJF-ch1xWY-eeZG17-9qso7z-cU6pYE-5kJxwG-pVdKww-ch1uTC-5figHT-eeX6Kj-7BAK9g-dquzRd-dtZFiR-dtZFLv-du6gKh-7YhxbE-6YBVqX-eeTEva-72qYJs-oBLi7E-7qtwtv-CWos2
0136.jpg,Plaza Mayor, Salamanca (Spain), HDR 2,Marc,https://creativecommons.org/licenses/by-nc-sa/2.0/,No Changes,https://www.flickr.com/photos/marcp_dmoz/4505026416
0137.jpg,Immer wenn es regnet,Mattias Hallberg,https://creativecommons.org/licenses/by-sa/2.0/,No Changes,https://www.flickr.com/photos/orco/843819167/in/photolist-2hyN3k-agAzFK-SvtQA-7BSxE9-9S5mXN-ahawMZ-pRVw84-4Yw6bC-oeVd4p-6LphLz-agDmFo-a4XEXJ-27Jxh-5fyBCo-nG58dY-ajPiP9-cdCyd5-a83iJt-Trj1Kj-e5BAeR-oTft9C-4riPed-9QBTko-s89rg-9QBRzy-agAzfH-j9dNad-STNWn9-2iFNHb-Sg433e-8a7fcs-oTehL7-agaU-7h5RtA-9aitf1-MPSJHj-3Eh876-fx6of5-nzLNzP-9MZnTG-vR9eMC-2r8XF-tBEoTH-9UTMAU-6WFnud-76MCPH-g4fFH-FEatvV-HCVQ24-LXmUUj
0138.jpg,Train in the rain,Martin Loader,https://creativecommons.org/licenses/by-sa/2.0/,No Changes,http://www.geograph.org.uk/photo/350407
0139.jpg,Chuva,Rafael Bertola,https://creativecommons.org/licenses/by/2.0/,No Changes,https://www.flickr.com/photos/bertola77/18621928925/in/photolist-unyfG6-6TV9Ne-zsmEY-fNcBT1-Finxi6-4hjrL-Ce8iJr-dWks3m-9cXuq5-bn2H5s-3TktPT-5Xf6UX-641dzz-eYst4u-zLBW2-diz76E-7WM4oT-cwbWKW-cwbW2q-4MfwZx-diz7mb-9e6SgK-cwbXN9-9T2Dnm-rRXRh-diz8z4-7RrsAK-bCQ4gA-rg1Ak-5VsEme-Ut1Uj1-qFom1n-zRjiJ-89eZnJ-7RuHih-5FNwKo-3Di7TS-diz6V5-4qMCbu-9jNCid-7vVAmz-4zqdCq-5Qr6M-diz8Gt-9Q6qps-49C3TP-8pJomx-dbNzRe-bBX8ie-7DPKZD
0140.jpg,Rainstorm,Jiaqian AirplaneFan,https://creativecommons.org/licenses/by/3.0/,No Changes,https://commons.wikimedia.org/w/index.php?search=rainstorm&title=Special:Search&profile=images&fulltext=1&uselang=en&searchToken=as1zw5pja2fz2frkycycq15u5#/media/File:Rainstorm_-_panoramio.jpg
0141.jpg,Not Provided,harutmovsisyan,https://creativecommons.org/publicdomain/zero/1.0/deed.en,No Changes,https://pixabay.com/en/tree-rain-road-truck-rick-hail-1487890/
0142.jpg,Plaza de armas (frontal en lluvia),tadd_debbie,https://creativecommons.org/licenses/by/2.0/deed.en,No Changes,https://commons.wikimedia.org/wiki/File:Plaza_de_armas_(frontal_en_lluvia).jpg
0143.jpg,Not Provided,kazamiz,https://creativecommons.org/publicdomain/zero/1.0/deed.en,No Changes,https://pixabay.com/p-980986/?no_redirect
0144.jpg,Plaza de la Constitución con lluvia y bandera,Marioli925,https://creativecommons.org/licenses/by-sa/3.0/deed.en,No Changes,https://commons.wikimedia.org/wiki/File:Plaza_de_la_Constituci%C3%B3n_con_lluvia_y_bandera.JPG
0145.jpg,22 Regen ubt,Tomasz Sienicki,https://creativecommons.org/licenses/by/3.0/deed.en,No Changes,https://commons.wikimedia.org/wiki/File:22_Regen_ubt.jpeg
0146.jpg,Not Provided,Damonify,https://creativecommons.org/publicdomain/zero/1.0/deed.en,No Changes,https://pixabay.com/en/rain-dublin-weather-wet-rainy-286327/
0147.jpg,Not Provided,Iluisgim,https://creativecommons.org/publicdomain/zero/1.0/deed.en,No Changes,https://pixabay.com/en/skyline-rain-city-cars-wet-rainy-963526/
0148.jpg,And the Downpour,Šarūnas Burdulis,https://creativecommons.org/licenses/by-sa/2.0/deed.en,No Changes,https://commons.wikimedia.org/wiki/File:And_the_Downpour_(5307147167).jpg
0149.jpg,Not Provided,Hans,,No Changes,https://pixabay.com/en/rain-downpour-rainstorm-raindrop-699940/
0150.jpg,Raining Day at plaza del Callao Madrid,Alfredo Sánchez Romero,https://creativecommons.org/licenses/by/2.0/deed.en,No Changes,https://commons.wikimedia.org/wiki/File:Raining_Day_at_plaza_del_Callao,_Madrid.jpg